2026-07-28 16:14:36,868 - __main__ - INFO - Starting Anime Downloader (full run)
2026-07-28 16:14:37,246 - __main__ - ERROR - Failed to load scraper scraper.luciferdonghua.LuciferDonghuaScraper: No module named 'scraper.luciferdonghua'
2026-07-28 16:14:37,247 - __main__ - INFO - Processing stellar transformation
2026-07-28 16:14:37,247 - __main__ - WARNING - No episodes found for stellar transformation from any scraper
2026-07-28 16:14:37,247 - __main__ - INFO - Processing The Great Ruler
2026-07-28 16:14:37,248 - __main__ - WARNING - No episodes found for The Great Ruler from any scraper
2026-07-28 16:14:37,248 - __main__ - INFO - Processing appotheosis
2026-07-28 16:14:37,248 - __main__ - WARNING - No episodes found for appotheosis from any scraper
2026-07-28 16:14:37,248 - __main__ - INFO - Processing Shrouding The Heavens
2026-07-28 16:14:37,249 - __main__ - WARNING - No episodes found for Shrouding The Heavens from any scraper
2026-07-28 16:14:37,249 - __main__ - INFO - Processing btth
2026-07-28 16:14:37,249 - __main__ - WARNING - No episodes found for btth from any scraper
2026-07-28 16:14:37,249 - __main__ - INFO - Processing perfect world
2026-07-28 16:14:37,250 - __main__ - WARNING - No episodes found for perfect world from any scraper
2026-07-28 16:14:37,250 - __main__ - INFO - Processing renegade immortal
2026-07-28 16:14:37,250 - __main__ - WARNING - No episodes found for renegade immortal from any scraper
2026-07-28 16:14:37,250 - __main__ - INFO - Processing soul land 2
2026-07-28 16:14:37,251 - __main__ - WARNING - No episodes found for soul land 2 from any scraper
2026-07-28 16:14:37,251 - __main__ - INFO - Processing swallowed star
2026-07-28 16:14:37,251 - __main__ - WARNING - No episodes found for swallowed star from any scraper
2026-07-28 16:14:37,251 - __main__ - INFO - Processing Tomb of Fallen Gods
2026-07-28 16:14:37,252 - __main__ - WARNING - No episodes found for Tomb of Fallen Gods from any scraper
2026-07-28 16:14:37,252 - __main__ - INFO - Processing Beyond the Timescape
2026-07-28 16:14:37,252 - __main__ - WARNING - No episodes found for Beyond the Timescape from any scraper
2026-07-28 16:14:37,252 - __main__ - INFO - Processing sword and fairy 3
2026-07-28 16:14:37,252 - __main__ - WARNING - No episodes found for sword and fairy 3 from any scraper
2026-07-28 16:14:37,253 - __main__ - INFO - Processing The Supreme Body Refining Master
2026-07-28 16:14:37,253 - __main__ - WARNING - No episodes found for The Supreme Body Refining Master from any scraper
2026-07-28 16:14:37,253 - __main__ - INFO - Processing sword of coming(jian lai)
2026-07-28 16:14:37,253 - __main__ - WARNING - No episodes found for sword of coming(jian lai) from any scraper
2026-07-28 16:14:37,254 - __main__ - INFO - Processing keyboard immortal
2026-07-28 16:14:37,254 - __main__ - WARNING - No episodes found for keyboard immortal from any scraper
2026-07-28 16:14:37,254 - __main__ - INFO - Processing The Divine Emperor of Destiny
2026-07-28 16:14:37,254 - __main__ - WARNING - No episodes found for The Divine Emperor of Destiny from any scraper
2026-07-28 16:14:37,255 - __main__ - INFO - Processing Twin Martial Spirits
2026-07-28 16:14:37,255 - __main__ - WARNING - No episodes found for Twin Martial Spirits from any scraper
2026-07-28 16:14:37,255 - __main__ - INFO - Processing Endless Heaven Realm
2026-07-28 16:14:37,256 - __main__ - WARNING - No episodes found for Endless Heaven Realm from any scraper
2026-07-28 16:14:37,256 - __main__ - INFO - Skipping completed: lord of all realms
2026-07-28 16:14:37,256 - __main__ - INFO - Skipping completed: classroom of the elite
2026-07-28 16:14:37,256 - __main__ - INFO - Skipping completed: against the gods
2026-07-28 16:14:37,257 - __main__ - INFO - Skipping completed: appotheosis
2026-07-28 16:14:37,257 - __main__ - INFO - Skipping completed: stellar transformation
2026-07-28 16:14:37,257 - __main__ - INFO - Skipping completed: Return of the Divine Emperor
2026-07-28 16:14:37,257 - __main__ - INFO - Skipping completed: The strongest upgrade
2026-07-28 16:14:37,258 - __main__ - INFO - Skipping completed: The Demon Hunter
2026-07-28 16:14:37,258 - __main__ - INFO - Skipping completed: Above the Kingdom of God
2026-07-28 16:14:37,258 - __main__ - INFO - Skipping completed: Jade Dynasty
2026-07-28 16:14:37,259 - __main__ - INFO - Skipping completed: Divine Lord Of Heavens
2026-07-28 16:14:37,259 - __main__ - INFO - Skipping completed: Dragon Raja
2026-07-28 16:14:37,259 - __main__ - INFO - Skipping completed: Martial Universe
2026-07-28 16:14:37,259 - __main__ - INFO - Skipping completed: Legend of the Misty Sword Immortal
2026-07-28 16:14:37,260 - __main__ - INFO - Skipping completed: Supreme Over the Sky
2026-07-28 16:14:37,260 - __main__ - INFO - Skipping completed: Peerless Divine Emperor
2026-07-28 16:14:37,260 - __main__ - INFO - Skipping completed: World Defying Dan God
2026-07-28 16:14:37,260 - __main__ - INFO - Skipping completed: The Daily Life of Immortal King
2026-07-28 16:14:37,261 - __main__ - INFO - Skipping completed: Nine Suns Martial God
2026-07-28 16:14:37,261 - __main__ - INFO - Skipping completed: Throne of seal
2026-07-28 16:14:37,261 - __main__ - INFO - Skipping completed: The Gate of Mystical Realm
2026-07-28 16:14:37,261 - __main__ - INFO - Skipping completed: Immortality
2026-07-28 16:14:37,262 - __main__ - INFO - Anime Downloader finished.
2026-07-28 16:15:41,886 - __main__ - ERROR - Failed to load scraper scraper.luciferdonghua.LuciferDonghuaScraper: No module named 'scraper.luciferdonghua'
2026-07-28 16:17:07,894 - scraper.luciferdonghua - WARNING - No search result for btth
2026-07-28 16:18:47,467 - __main__ - INFO - Starting Anime Downloader (full run)
2026-07-28 16:18:47,682 - __main__ - INFO - Processing stellar transformation
2026-07-28 16:18:50,295 - scraper.luciferdonghua - WARNING - No search result for stellar transformation
2026-07-28 16:18:50,298 - __main__ - WARNING - No episodes found for stellar transformation from any scraper
2026-07-28 16:18:50,298 - __main__ - INFO - Processing The Great Ruler
2026-07-28 16:18:51,298 - scraper.luciferdonghua - WARNING - No search result for The Great Ruler
2026-07-28 16:18:51,301 - __main__ - WARNING - No episodes found for The Great Ruler from any scraper
2026-07-28 16:18:51,302 - __main__ - INFO - Processing appotheosis
2026-07-28 16:18:52,442 - scraper.luciferdonghua - WARNING - No search result for appotheosis
2026-07-28 16:18:52,445 - __main__ - WARNING - No episodes found for appotheosis from any scraper
2026-07-28 16:18:52,446 - __main__ - INFO - Processing Shrouding The Heavens
2026-07-28 16:18:53,364 - scraper.luciferdonghua - WARNING - No search result for Shrouding The Heavens
2026-07-28 16:18:53,367 - __main__ - WARNING - No episodes found for Shrouding The Heavens from any scraper
2026-07-28 16:18:53,368 - __main__ - INFO - Processing btth
2026-07-28 16:18:54,490 - scraper.luciferdonghua - WARNING - No search result for btth
2026-07-28 16:18:54,494 - __main__ - WARNING - No episodes found for btth from any scraper
2026-07-28 16:18:54,495 - __main__ - INFO - Processing perfect world
2026-07-28 16:18:55,617 - scraper.luciferdonghua - WARNING - No search result for perfect world
2026-07-28 16:18:55,620 - __main__ - WARNING - No episodes found for perfect world from any scraper
2026-07-28 16:18:55,621 - __main__ - INFO - Processing renegade immortal
2026-07-28 16:18:56,640 - scraper.luciferdonghua - WARNING - No search result for renegade immortal
2026-07-28 16:18:56,644 - __main__ - WARNING - No episodes found for renegade immortal from any scraper
2026-07-28 16:18:56,645 - __main__ - INFO - Processing soul land 2
2026-07-28 16:18:57,665 - scraper.luciferdonghua - WARNING - No search result for soul land 2
2026-07-28 16:18:57,669 - __main__ - WARNING - No episodes found for soul land 2 from any scraper
2026-07-28 16:18:57,670 - __main__ - INFO - Processing swallowed star
2026-07-28 17:16:41,861 - __main__ - DEBUG - Debug mode enabled
2026-07-28 17:16:41,862 - __main__ - INFO - Starting Anime Downloader
2026-07-28 17:16:41,863 - __main__ - INFO - Processing stellar transformation
2026-07-28 17:16:41,871 - urllib3.connectionpool - DEBUG - Starting new HTTPS connection (1): luciferdonghua.in:443
2026-07-28 17:16:43,483 - urllib3.connectionpool - DEBUG - https://luciferdonghua.in:443 "GET /search?keyword=stellar+transformation HTTP/1.1" 404 None
2026-07-28 17:16:43,488 - scraper.luciferdonghua - ERROR - Search failed for stellar transformation: 404 Client Error: Not Found for url: https://luciferdonghua.in/search?keyword=stellar+transformation
Traceback (most recent call last):
  File "/home/zain/Scripts/anime-downloader/scraper/luciferdonghua.py", line 28, in _get_anime_page_url
    resp.raise_for_status()
    ~~~~~~~~~~~~~~~~~~~~~^^
  File "/usr/lib/python3.14/site-packages/requests/models.py", line 1167, in raise_for_status
    raise HTTPError(http_error_msg, response=self)
requests.exceptions.HTTPError: 404 Client Error: Not Found for url: https://luciferdonghua.in/search?keyword=stellar+transformation
2026-07-28 17:16:43,494 - __main__ - WARNING - No episodes found for stellar transformation
2026-07-28 17:16:43,494 - __main__ - INFO - Processing The Great Ruler
2026-07-28 17:16:43,498 - urllib3.connectionpool - DEBUG - Starting new HTTPS connection (1): luciferdonghua.in:443
2026-07-28 17:16:44,814 - urllib3.connectionpool - DEBUG - https://luciferdonghua.in:443 "GET /search?keyword=The+Great+Ruler HTTP/1.1" 404 None
2026-07-28 17:16:44,818 - scraper.luciferdonghua - ERROR - Search failed for The Great Ruler: 404 Client Error: Not Found for url: https://luciferdonghua.in/search?keyword=The+Great+Ruler
Traceback (most recent call last):
  File "/home/zain/Scripts/anime-downloader/scraper/luciferdonghua.py", line 28, in _get_anime_page_url
    resp.raise_for_status()
    ~~~~~~~~~~~~~~~~~~~~~^^
  File "/usr/lib/python3.14/site-packages/requests/models.py", line 1167, in raise_for_status
    raise HTTPError(http_error_msg, response=self)
requests.exceptions.HTTPError: 404 Client Error: Not Found for url: https://luciferdonghua.in/search?keyword=The+Great+Ruler
2026-07-28 17:16:44,823 - __main__ - WARNING - No episodes found for The Great Ruler
2026-07-28 17:16:44,824 - __main__ - INFO - Processing appotheosis
2026-07-28 17:16:44,826 - urllib3.connectionpool - DEBUG - Starting new HTTPS connection (1): luciferdonghua.in:443
2026-07-28 17:16:45,530 - urllib3.connectionpool - DEBUG - https://luciferdonghua.in:443 "GET /search?keyword=appotheosis HTTP/1.1" 404 None
2026-07-28 17:16:45,537 - scraper.luciferdonghua - ERROR - Search failed for appotheosis: 404 Client Error: Not Found for url: https://luciferdonghua.in/search?keyword=appotheosis
Traceback (most recent call last):
  File "/home/zain/Scripts/anime-downloader/scraper/luciferdonghua.py", line 28, in _get_anime_page_url
    resp.raise_for_status()
    ~~~~~~~~~~~~~~~~~~~~~^^
  File "/usr/lib/python3.14/site-packages/requests/models.py", line 1167, in raise_for_status
    raise HTTPError(http_error_msg, response=self)
requests.exceptions.HTTPError: 404 Client Error: Not Found for url: https://luciferdonghua.in/search?keyword=appotheosis
2026-07-28 17:16:45,546 - __main__ - WARNING - No episodes found for appotheosis
2026-07-28 17:16:45,546 - __main__ - INFO - Processing Shrouding The Heavens
2026-07-28 17:16:45,555 - urllib3.connectionpool - DEBUG - Starting new HTTPS connection (1): luciferdonghua.in:443
2026-07-28 17:16:46,349 - urllib3.connectionpool - DEBUG - https://luciferdonghua.in:443 "GET /search?keyword=Shrouding+The+Heavens HTTP/1.1" 404 None
2026-07-28 17:16:46,356 - scraper.luciferdonghua - ERROR - Search failed for Shrouding The Heavens: 404 Client Error: Not Found for url: https://luciferdonghua.in/search?keyword=Shrouding+The+Heavens
Traceback (most recent call last):
  File "/home/zain/Scripts/anime-downloader/scraper/luciferdonghua.py", line 28, in _get_anime_page_url
    resp.raise_for_status()
    ~~~~~~~~~~~~~~~~~~~~~^^
  File "/usr/lib/python3.14/site-packages/requests/models.py", line 1167, in raise_for_status
    raise HTTPError(http_error_msg, response=self)
requests.exceptions.HTTPError: 404 Client Error: Not Found for url: https://luciferdonghua.in/search?keyword=Shrouding+The+Heavens
2026-07-28 17:16:46,366 - __main__ - WARNING - No episodes found for Shrouding The Heavens
2026-07-28 17:16:46,367 - __main__ - INFO - Processing btth
2026-07-28 17:16:46,370 - urllib3.connectionpool - DEBUG - Starting new HTTPS connection (1): luciferdonghua.in:443
2026-07-28 17:16:47,169 - urllib3.connectionpool - DEBUG - https://luciferdonghua.in:443 "GET /search?keyword=btth HTTP/1.1" 404 None
2026-07-28 17:16:47,173 - scraper.luciferdonghua - ERROR - Search failed for btth: 404 Client Error: Not Found for url: https://luciferdonghua.in/search?keyword=btth
Traceback (most recent call last):
  File "/home/zain/Scripts/anime-downloader/scraper/luciferdonghua.py", line 28, in _get_anime_page_url
    resp.raise_for_status()
    ~~~~~~~~~~~~~~~~~~~~~^^
  File "/usr/lib/python3.14/site-packages/requests/models.py", line 1167, in raise_for_status
    raise HTTPError(http_error_msg, response=self)
requests.exceptions.HTTPError: 404 Client Error: Not Found for url: https://luciferdonghua.in/search?keyword=btth
2026-07-28 17:16:47,182 - __main__ - WARNING - No episodes found for btth
2026-07-28 17:16:47,183 - __main__ - INFO - Processing perfect world
2026-07-28 17:16:47,187 - urllib3.connectionpool - DEBUG - Starting new HTTPS connection (1): luciferdonghua.in:443
2026-07-28 17:16:47,989 - urllib3.connectionpool - DEBUG - https://luciferdonghua.in:443 "GET /search?keyword=perfect+world HTTP/1.1" 404 None
2026-07-28 17:16:47,995 - scraper.luciferdonghua - ERROR - Search failed for perfect world: 404 Client Error: Not Found for url: https://luciferdonghua.in/search?keyword=perfect+world
Traceback (most recent call last):
  File "/home/zain/Scripts/anime-downloader/scraper/luciferdonghua.py", line 28, in _get_anime_page_url
    resp.raise_for_status()
    ~~~~~~~~~~~~~~~~~~~~~^^
  File "/usr/lib/python3.14/site-packages/requests/models.py", line 1167, in raise_for_status
    raise HTTPError(http_error_msg, response=self)
requests.exceptions.HTTPError: 404 Client Error: Not Found for url: https://luciferdonghua.in/search?keyword=perfect+world
2026-07-28 17:16:48,004 - __main__ - WARNING - No episodes found for perfect world
2026-07-28 17:16:48,005 - __main__ - INFO - Processing renegade immortal
2026-07-28 17:16:48,010 - urllib3.connectionpool - DEBUG - Starting new HTTPS connection (1): luciferdonghua.in:443
2026-07-28 17:16:48,910 - urllib3.connectionpool - DEBUG - https://luciferdonghua.in:443 "GET /search?keyword=renegade+immortal HTTP/1.1" 404 None
2026-07-28 17:16:48,916 - scraper.luciferdonghua - ERROR - Search failed for renegade immortal: 404 Client Error: Not Found for url: https://luciferdonghua.in/search?keyword=renegade+immortal
Traceback (most recent call last):
  File "/home/zain/Scripts/anime-downloader/scraper/luciferdonghua.py", line 28, in _get_anime_page_url
    resp.raise_for_status()
    ~~~~~~~~~~~~~~~~~~~~~^^
  File "/usr/lib/python3.14/site-packages/requests/models.py", line 1167, in raise_for_status
    raise HTTPError(http_error_msg, response=self)
requests.exceptions.HTTPError: 404 Client Error: Not Found for url: https://luciferdonghua.in/search?keyword=renegade+immortal
2026-07-28 17:16:48,923 - __main__ - WARNING - No episodes found for renegade immortal
2026-07-28 17:16:48,924 - __main__ - INFO - Processing soul land 2
2026-07-28 17:16:48,928 - urllib3.connectionpool - DEBUG - Starting new HTTPS connection (1): luciferdonghua.in:443
2026-07-28 17:16:49,524 - urllib3.connectionpool - DEBUG - https://luciferdonghua.in:443 "GET /search?keyword=soul+land+2 HTTP/1.1" 404 None
2026-07-28 17:16:49,530 - scraper.luciferdonghua - ERROR - Search failed for soul land 2: 404 Client Error: Not Found for url: https://luciferdonghua.in/search?keyword=soul+land+2
Traceback (most recent call last):
  File "/home/zain/Scripts/anime-downloader/scraper/luciferdonghua.py", line 28, in _get_anime_page_url
    resp.raise_for_status()
    ~~~~~~~~~~~~~~~~~~~~~^^
  File "/usr/lib/python3.14/site-packages/requests/models.py", line 1167, in raise_for_status
    raise HTTPError(http_error_msg, response=self)
requests.exceptions.HTTPError: 404 Client Error: Not Found for url: https://luciferdonghua.in/search?keyword=soul+land+2
2026-07-28 17:16:49,539 - __main__ - WARNING - No episodes found for soul land 2
2026-07-28 17:16:49,540 - __main__ - INFO - Processing swallowed star
2026-07-28 17:16:49,543 - urllib3.connectionpool - DEBUG - Starting new HTTPS connection (1): luciferdonghua.in:443
2026-07-28 17:16:50,242 - urllib3.connectionpool - DEBUG - https://luciferdonghua.in:443 "GET /search?keyword=swallowed+star HTTP/1.1" 404 None
2026-07-28 17:16:50,248 - scraper.luciferdonghua - ERROR - Search failed for swallowed star: 404 Client Error: Not Found for url: https://luciferdonghua.in/search?keyword=swallowed+star
Traceback (most recent call last):
  File "/home/zain/Scripts/anime-downloader/scraper/luciferdonghua.py", line 28, in _get_anime_page_url
    resp.raise_for_status()
    ~~~~~~~~~~~~~~~~~~~~~^^
  File "/usr/lib/python3.14/site-packages/requests/models.py", line 1167, in raise_for_status
    raise HTTPError(http_error_msg, response=self)
requests.exceptions.HTTPError: 404 Client Error: Not Found for url: https://luciferdonghua.in/search?keyword=swallowed+star
2026-07-28 17:16:50,258 - __main__ - WARNING - No episodes found for swallowed star
2026-07-28 17:16:50,258 - __main__ - INFO - Processing Tomb of Fallen Gods
2026-07-28 17:16:50,264 - urllib3.connectionpool - DEBUG - Starting new HTTPS connection (1): luciferdonghua.in:443
2026-07-28 17:16:50,958 - urllib3.connectionpool - DEBUG - https://luciferdonghua.in:443 "GET /search?keyword=Tomb+of+Fallen+Gods HTTP/1.1" 404 None
2026-07-28 17:16:50,963 - scraper.luciferdonghua - ERROR - Search failed for Tomb of Fallen Gods: 404 Client Error: Not Found for url: https://luciferdonghua.in/search?keyword=Tomb+of+Fallen+Gods
Traceback (most recent call last):
  File "/home/zain/Scripts/anime-downloader/scraper/luciferdonghua.py", line 28, in _get_anime_page_url
    resp.raise_for_status()
    ~~~~~~~~~~~~~~~~~~~~~^^
  File "/usr/lib/python3.14/site-packages/requests/models.py", line 1167, in raise_for_status
    raise HTTPError(http_error_msg, response=self)
requests.exceptions.HTTPError: 404 Client Error: Not Found for url: https://luciferdonghua.in/search?keyword=Tomb+of+Fallen+Gods
2026-07-28 17:16:50,972 - __main__ - WARNING - No episodes found for Tomb of Fallen Gods
2026-07-28 17:16:50,973 - __main__ - INFO - Processing Beyond the Timescape
2026-07-28 17:16:50,977 - urllib3.connectionpool - DEBUG - Starting new HTTPS connection (1): luciferdonghua.in:443
2026-07-28 17:16:51,982 - urllib3.connectionpool - DEBUG - https://luciferdonghua.in:443 "GET /search?keyword=Beyond+the+Timescape HTTP/1.1" 404 None
2026-07-28 17:16:51,988 - scraper.luciferdonghua - ERROR - Search failed for Beyond the Timescape: 404 Client Error: Not Found for url: https://luciferdonghua.in/search?keyword=Beyond+the+Timescape
Traceback (most recent call last):
  File "/home/zain/Scripts/anime-downloader/scraper/luciferdonghua.py", line 28, in _get_anime_page_url
    resp.raise_for_status()
    ~~~~~~~~~~~~~~~~~~~~~^^
  File "/usr/lib/python3.14/site-packages/requests/models.py", line 1167, in raise_for_status
    raise HTTPError(http_error_msg, response=self)
requests.exceptions.HTTPError: 404 Client Error: Not Found for url: https://luciferdonghua.in/search?keyword=Beyond+the+Timescape
2026-07-28 17:16:51,994 - __main__ - WARNING - No episodes found for Beyond the Timescape
2026-07-28 17:16:51,994 - __main__ - INFO - Processing sword and fairy 3
2026-07-28 17:16:52,001 - urllib3.connectionpool - DEBUG - Starting new HTTPS connection (1): luciferdonghua.in:443
2026-07-28 17:16:52,903 - urllib3.connectionpool - DEBUG - https://luciferdonghua.in:443 "GET /search?keyword=sword+and+fairy+3 HTTP/1.1" 404 None
2026-07-28 17:16:52,909 - scraper.luciferdonghua - ERROR - Search failed for sword and fairy 3: 404 Client Error: Not Found for url: https://luciferdonghua.in/search?keyword=sword+and+fairy+3
Traceback (most recent call last):
  File "/home/zain/Scripts/anime-downloader/scraper/luciferdonghua.py", line 28, in _get_anime_page_url
    resp.raise_for_status()
    ~~~~~~~~~~~~~~~~~~~~~^^
  File "/usr/lib/python3.14/site-packages/requests/models.py", line 1167, in raise_for_status
    raise HTTPError(http_error_msg, response=self)
requests.exceptions.HTTPError: 404 Client Error: Not Found for url: https://luciferdonghua.in/search?keyword=sword+and+fairy+3
2026-07-28 17:16:52,918 - __main__ - WARNING - No episodes found for sword and fairy 3
2026-07-28 17:16:52,919 - __main__ - INFO - Processing The Supreme Body Refining Master
2026-07-28 17:16:52,923 - urllib3.connectionpool - DEBUG - Starting new HTTPS connection (1): luciferdonghua.in:443
2026-07-28 17:16:53,670 - urllib3.connectionpool - DEBUG - https://luciferdonghua.in:443 "GET /search?keyword=The+Supreme+Body+Refining+Master HTTP/1.1" 404 None
2026-07-28 17:16:53,676 - scraper.luciferdonghua - ERROR - Search failed for The Supreme Body Refining Master: 404 Client Error: Not Found for url: https://luciferdonghua.in/search?keyword=The+Supreme+Body+Refining+Master
Traceback (most recent call last):
  File "/home/zain/Scripts/anime-downloader/scraper/luciferdonghua.py", line 28, in _get_anime_page_url
    resp.raise_for_status()
    ~~~~~~~~~~~~~~~~~~~~~^^
  File "/usr/lib/python3.14/site-packages/requests/models.py", line 1167, in raise_for_status
    raise HTTPError(http_error_msg, response=self)
requests.exceptions.HTTPError: 404 Client Error: Not Found for url: https://luciferdonghua.in/search?keyword=The+Supreme+Body+Refining+Master
2026-07-28 17:16:53,686 - __main__ - WARNING - No episodes found for The Supreme Body Refining Master
2026-07-28 17:16:53,687 - __main__ - INFO - Processing sword of coming(jian lai)
2026-07-28 17:16:53,692 - urllib3.connectionpool - DEBUG - Starting new HTTPS connection (1): luciferdonghua.in:443
2026-07-28 17:16:54,439 - urllib3.connectionpool - DEBUG - https://luciferdonghua.in:443 "GET /search?keyword=sword+of+coming(jian+lai) HTTP/1.1" 404 None
2026-07-28 17:16:54,445 - scraper.luciferdonghua - ERROR - Search failed for sword of coming(jian lai): 404 Client Error: Not Found for url: https://luciferdonghua.in/search?keyword=sword+of+coming(jian+lai)
Traceback (most recent call last):
  File "/home/zain/Scripts/anime-downloader/scraper/luciferdonghua.py", line 28, in _get_anime_page_url
    resp.raise_for_status()
    ~~~~~~~~~~~~~~~~~~~~~^^
  File "/usr/lib/python3.14/site-packages/requests/models.py", line 1167, in raise_for_status
    raise HTTPError(http_error_msg, response=self)
requests.exceptions.HTTPError: 404 Client Error: Not Found for url: https://luciferdonghua.in/search?keyword=sword+of+coming(jian+lai)
2026-07-28 17:16:54,454 - __main__ - WARNING - No episodes found for sword of coming(jian lai)
2026-07-28 17:16:54,455 - __main__ - INFO - Processing keyboard immortal
2026-07-28 17:16:54,458 - urllib3.connectionpool - DEBUG - Starting new HTTPS connection (1): luciferdonghua.in:443
2026-07-28 17:16:55,156 - urllib3.connectionpool - DEBUG - https://luciferdonghua.in:443 "GET /search?keyword=keyboard+immortal HTTP/1.1" 404 None
2026-07-28 17:16:55,162 - scraper.luciferdonghua - ERROR - Search failed for keyboard immortal: 404 Client Error: Not Found for url: https://luciferdonghua.in/search?keyword=keyboard+immortal
Traceback (most recent call last):
  File "/home/zain/Scripts/anime-downloader/scraper/luciferdonghua.py", line 28, in _get_anime_page_url
    resp.raise_for_status()
    ~~~~~~~~~~~~~~~~~~~~~^^
  File "/usr/lib/python3.14/site-packages/requests/models.py", line 1167, in raise_for_status
    raise HTTPError(http_error_msg, response=self)
requests.exceptions.HTTPError: 404 Client Error: Not Found for url: https://luciferdonghua.in/search?keyword=keyboard+immortal
2026-07-28 17:16:55,172 - __main__ - WARNING - No episodes found for keyboard immortal
2026-07-28 17:16:55,173 - __main__ - INFO - Processing The Divine Emperor of Destiny
2026-07-28 17:16:55,177 - urllib3.connectionpool - DEBUG - Starting new HTTPS connection (1): luciferdonghua.in:443
2026-07-28 17:16:55,873 - urllib3.connectionpool - DEBUG - https://luciferdonghua.in:443 "GET /search?keyword=The+Divine+Emperor+of+Destiny HTTP/1.1" 404 None
2026-07-28 17:16:55,879 - scraper.luciferdonghua - ERROR - Search failed for The Divine Emperor of Destiny: 404 Client Error: Not Found for url: https://luciferdonghua.in/search?keyword=The+Divine+Emperor+of+Destiny
Traceback (most recent call last):
  File "/home/zain/Scripts/anime-downloader/scraper/luciferdonghua.py", line 28, in _get_anime_page_url
    resp.raise_for_status()
    ~~~~~~~~~~~~~~~~~~~~~^^
  File "/usr/lib/python3.14/site-packages/requests/models.py", line 1167, in raise_for_status
    raise HTTPError(http_error_msg, response=self)
requests.exceptions.HTTPError: 404 Client Error: Not Found for url: https://luciferdonghua.in/search?keyword=The+Divine+Emperor+of+Destiny
2026-07-28 17:16:55,888 - __main__ - WARNING - No episodes found for The Divine Emperor of Destiny
2026-07-28 17:16:55,888 - __main__ - INFO - Processing Twin Martial Spirits
2026-07-28 17:16:55,892 - urllib3.connectionpool - DEBUG - Starting new HTTPS connection (1): luciferdonghua.in:443
2026-07-28 17:16:56,589 - urllib3.connectionpool - DEBUG - https://luciferdonghua.in:443 "GET /search?keyword=Twin+Martial+Spirits HTTP/1.1" 404 None
2026-07-28 17:16:56,594 - scraper.luciferdonghua - ERROR - Search failed for Twin Martial Spirits: 404 Client Error: Not Found for url: https://luciferdonghua.in/search?keyword=Twin+Martial+Spirits
Traceback (most recent call last):
  File "/home/zain/Scripts/anime-downloader/scraper/luciferdonghua.py", line 28, in _get_anime_page_url
    resp.raise_for_status()
    ~~~~~~~~~~~~~~~~~~~~~^^
  File "/usr/lib/python3.14/site-packages/requests/models.py", line 1167, in raise_for_status
    raise HTTPError(http_error_msg, response=self)
requests.exceptions.HTTPError: 404 Client Error: Not Found for url: https://luciferdonghua.in/search?keyword=Twin+Martial+Spirits
2026-07-28 17:16:56,601 - __main__ - WARNING - No episodes found for Twin Martial Spirits
2026-07-28 17:16:56,601 - __main__ - INFO - Processing Endless Heaven Realm
2026-07-28 17:16:56,604 - urllib3.connectionpool - DEBUG - Starting new HTTPS connection (1): luciferdonghua.in:443
2026-07-28 17:16:57,307 - urllib3.connectionpool - DEBUG - https://luciferdonghua.in:443 "GET /search?keyword=Endless+Heaven+Realm HTTP/1.1" 404 None
2026-07-28 17:16:57,311 - scraper.luciferdonghua - ERROR - Search failed for Endless Heaven Realm: 404 Client Error: Not Found for url: https://luciferdonghua.in/search?keyword=Endless+Heaven+Realm
Traceback (most recent call last):
  File "/home/zain/Scripts/anime-downloader/scraper/luciferdonghua.py", line 28, in _get_anime_page_url
    resp.raise_for_status()
    ~~~~~~~~~~~~~~~~~~~~~^^
  File "/usr/lib/python3.14/site-packages/requests/models.py", line 1167, in raise_for_status
    raise HTTPError(http_error_msg, response=self)
requests.exceptions.HTTPError: 404 Client Error: Not Found for url: https://luciferdonghua.in/search?keyword=Endless+Heaven+Realm
2026-07-28 17:16:57,320 - __main__ - WARNING - No episodes found for Endless Heaven Realm
2026-07-28 17:16:57,320 - __main__ - INFO - Skipping completed: lord of all realms
2026-07-28 17:16:57,321 - __main__ - INFO - Skipping completed: classroom of the elite
2026-07-28 17:16:57,321 - __main__ - INFO - Skipping completed: against the gods
2026-07-28 17:16:57,321 - __main__ - INFO - Skipping completed: appotheosis
2026-07-28 17:16:57,322 - __main__ - INFO - Skipping completed: stellar transformation
2026-07-28 17:16:57,322 - __main__ - INFO - Skipping completed: Return of the Divine Emperor
2026-07-28 17:16:57,323 - __main__ - INFO - Skipping completed: The strongest upgrade
2026-07-28 17:16:57,323 - __main__ - INFO - Skipping completed: The Demon Hunter
2026-07-28 17:16:57,324 - __main__ - INFO - Skipping completed: Above the Kingdom of God
2026-07-28 17:16:57,324 - __main__ - INFO - Skipping completed: Jade Dynasty
2026-07-28 17:16:57,324 - __main__ - INFO - Skipping completed: Divine Lord Of Heavens
2026-07-28 17:16:57,325 - __main__ - INFO - Skipping completed: Dragon Raja
2026-07-28 17:16:57,325 - __main__ - INFO - Skipping completed: Martial Universe
2026-07-28 17:16:57,325 - __main__ - INFO - Skipping completed: Legend of the Misty Sword Immortal
2026-07-28 17:16:57,326 - __main__ - INFO - Skipping completed: Supreme Over the Sky
2026-07-28 17:16:57,326 - __main__ - INFO - Skipping completed: Peerless Divine Emperor
2026-07-28 17:16:57,326 - __main__ - INFO - Skipping completed: World Defying Dan God
2026-07-28 17:16:57,327 - __main__ - INFO - Skipping completed: The Daily Life of Immortal King
2026-07-28 17:16:57,327 - __main__ - INFO - Skipping completed: Nine Suns Martial God
2026-07-28 17:16:57,327 - __main__ - INFO - Skipping completed: Throne of seal
2026-07-28 17:16:57,328 - __main__ - INFO - Skipping completed: The Gate of Mystical Realm
2026-07-28 17:16:57,328 - __main__ - INFO - Skipping completed: Immortality
2026-07-28 17:16:57,329 - __main__ - INFO - Anime Downloader finished.
2026-07-28 17:17:48,468 - __main__ - DEBUG - Debug mode enabled
2026-07-28 17:17:48,468 - __main__ - INFO - Starting Anime Downloader
2026-07-28 17:17:48,471 - __main__ - INFO - Processing Tomb of Fallen Gods
2026-07-28 17:17:48,479 - urllib3.connectionpool - DEBUG - Starting new HTTPS connection (1): luciferdonghua.in:443
2026-07-28 17:17:49,224 - urllib3.connectionpool - DEBUG - https://luciferdonghua.in:443 "GET /search?keyword=Tomb+of+Fallen+Gods HTTP/1.1" 404 None
2026-07-28 17:17:49,231 - scraper.luciferdonghua - ERROR - Search failed for Tomb of Fallen Gods: 404 Client Error: Not Found for url: https://luciferdonghua.in/search?keyword=Tomb+of+Fallen+Gods
Traceback (most recent call last):
  File "/home/zain/Scripts/anime-downloader/scraper/luciferdonghua.py", line 28, in _get_anime_page_url
    resp.raise_for_status()
    ~~~~~~~~~~~~~~~~~~~~~^^
  File "/usr/lib/python3.14/site-packages/requests/models.py", line 1167, in raise_for_status
    raise HTTPError(http_error_msg, response=self)
requests.exceptions.HTTPError: 404 Client Error: Not Found for url: https://luciferdonghua.in/search?keyword=Tomb+of+Fallen+Gods
2026-07-28 17:17:49,241 - __main__ - WARNING - No episodes found for Tomb of Fallen Gods
2026-07-28 17:17:49,242 - __main__ - INFO - Anime Downloader finished.
2026-07-28 17:27:47,581 - __main__ - DEBUG - Debug mode enabled
2026-07-28 17:27:47,582 - __main__ - INFO - Starting Anime Downloader
2026-07-28 17:27:47,585 - scraper.luciferdonghua - DEBUG - Loaded 11 anime mappings from links.txt
2026-07-28 17:27:47,585 - __main__ - INFO - Processing stellar transformation
2026-07-28 17:27:47,593 - urllib3.connectionpool - DEBUG - Starting new HTTPS connection (1): luciferdonghua.in:443
2026-07-28 17:27:48,880 - urllib3.connectionpool - DEBUG - https://luciferdonghua.in:443 "GET /anime/stellar-transformation-season-7/ HTTP/1.1" 200 None
2026-07-28 17:27:49,507 - scraper.luciferdonghua - INFO - Latest episode for stellar transformation: 11
2026-07-28 17:27:49,507 - __main__ - INFO - Missing episodes for stellar transformation: [3, 4, 5, 6, 7, 8, 9, 10, 11]
2026-07-28 17:27:51,247 - downloader - INFO - Downloading with yt-dlp: https://luciferdonghua.in/stellar-transformation-season-7-episode-03-lucifer-donghua/
2026-07-28 17:32:54,032 - __main__ - DEBUG - Debug mode enabled
2026-07-28 17:32:54,033 - __main__ - INFO - Starting Anime Downloader
2026-07-28 17:32:54,036 - scraper.luciferdonghua - DEBUG - Loaded 11 anime mappings from links.txt
2026-07-28 17:32:54,037 - __main__ - INFO - Processing stellar transformation
2026-07-28 17:32:54,042 - urllib3.connectionpool - DEBUG - Starting new HTTPS connection (1): luciferdonghua.in:443
2026-07-28 17:32:55,111 - urllib3.connectionpool - DEBUG - https://luciferdonghua.in:443 "GET /anime/stellar-transformation-season-7/ HTTP/1.1" 200 None
2026-07-28 17:32:55,705 - scraper.luciferdonghua - INFO - Latest episode for stellar transformation: 11
2026-07-28 17:32:55,705 - __main__ - INFO - Missing episodes for stellar transformation: [3, 4, 5, 6, 7, 8, 9, 10, 11]
2026-07-28 17:32:57,135 - downloader - INFO - Downloading with yt-dlp: https://luciferdonghua.in/stellar-transformation-season-7-episode-03-lucifer-donghua/
2026-07-28 17:43:49,875 - __main__ - INFO - Starting Anime Downloader
2026-07-28 17:43:49,877 - __main__ - INFO - Processing stellar transformation
2026-07-28 17:43:50,714 - scraper.luciferdonghua - INFO - Latest episode for stellar transformation: 11
2026-07-28 17:43:50,714 - __main__ - INFO - Missing episodes for stellar transformation: [3, 4, 5, 6, 7, 8, 9, 10, 11]
2026-07-28 17:43:52,050 - downloader - INFO - Downloading with yt-dlp: https://luciferdonghua.in/stellar-transformation-season-7-episode-03-lucifer-donghua/
2026-07-28 18:00:08,420 - downloader - INFO - Downloaded to /home/zain/Videos/Anime/anime-dl/stellar transformation/season 7/Episode 3.mp4
2026-07-28 18:00:08,425 - updater - INFO - Updated stellar transformation to episode 3
2026-07-28 18:00:10,167 - downloader - INFO - Downloading with yt-dlp: https://luciferdonghua.in/stellar-transformation-season-7-episode-04-lucifer-donghua/
2026-07-28 18:00:19,216 - downloader - WARNING - yt-dlp attempt 1 failed: Command '['yt-dlp', 'https://luciferdonghua.in/stellar-transformation-season-7-episode-04-lucifer-donghua/', '-o', '/home/zain/Videos/Anime/anime-dl/stellar transformation/season 7/Episode 4', '--no-playlist', '--output', '%(title)s.%(ext)s']' returned non-zero exit status 1.
2026-07-28 18:00:21,217 - downloader - INFO - Downloading with yt-dlp: https://luciferdonghua.in/stellar-transformation-season-7-episode-04-lucifer-donghua/
2026-07-28 18:00:32,075 - downloader - WARNING - yt-dlp attempt 2 failed: Command '['yt-dlp', 'https://luciferdonghua.in/stellar-transformation-season-7-episode-04-lucifer-donghua/', '-o', '/home/zain/Videos/Anime/anime-dl/stellar transformation/season 7/Episode 4', '--no-playlist', '--output', '%(title)s.%(ext)s']' returned non-zero exit status 1.
2026-07-28 18:00:34,076 - downloader - INFO - Downloading with yt-dlp: https://luciferdonghua.in/stellar-transformation-season-7-episode-04-lucifer-donghua/
2026-07-28 18:00:42,639 - downloader - WARNING - yt-dlp attempt 3 failed: Command '['yt-dlp', 'https://luciferdonghua.in/stellar-transformation-season-7-episode-04-lucifer-donghua/', '-o', '/home/zain/Videos/Anime/anime-dl/stellar transformation/season 7/Episode 4', '--no-playlist', '--output', '%(title)s.%(ext)s']' returned non-zero exit status 1.
2026-07-28 18:00:42,639 - downloader - ERROR - All yt-dlp attempts failed for https://luciferdonghua.in/stellar-transformation-season-7-episode-04-lucifer-donghua/
2026-07-28 18:00:42,639 - __main__ - ERROR - Failed to download stellar transformation ep 4
2026-07-28 18:00:44,383 - downloader - INFO - Downloading with yt-dlp: https://luciferdonghua.in/stellar-transformation-season-7-episode-05-and-06-lucifer-donghua/
2026-07-28 18:30:28,794 - downloader - INFO - Downloaded to /home/zain/Videos/Anime/anime-dl/stellar transformation/season 7/Episode 5.mp4
2026-07-28 18:30:28,795 - updater - INFO - Updated stellar transformation to episode 5
2026-07-28 18:30:30,309 - downloader - INFO - Downloading with yt-dlp: https://luciferdonghua.in/anime/stellar-transformation-season-7/episode-6/
2026-07-28 18:30:34,943 - downloader - WARNING - yt-dlp attempt 1 failed: Command '['yt-dlp', 'https://luciferdonghua.in/anime/stellar-transformation-season-7/episode-6/', '-o', '/home/zain/Videos/Anime/anime-dl/stellar transformation/season 7/Episode 6', '--no-playlist', '--output', '%(title)s.%(ext)s']' returned non-zero exit status 1.
2026-07-28 18:30:36,944 - downloader - INFO - Downloading with yt-dlp: https://luciferdonghua.in/anime/stellar-transformation-season-7/episode-6/
2026-07-28 18:30:40,822 - downloader - WARNING - yt-dlp attempt 2 failed: Command '['yt-dlp', 'https://luciferdonghua.in/anime/stellar-transformation-season-7/episode-6/', '-o', '/home/zain/Videos/Anime/anime-dl/stellar transformation/season 7/Episode 6', '--no-playlist', '--output', '%(title)s.%(ext)s']' returned non-zero exit status 1.
2026-07-28 18:30:42,823 - downloader - INFO - Downloading with yt-dlp: https://luciferdonghua.in/anime/stellar-transformation-season-7/episode-6/
2026-07-28 18:30:46,699 - downloader - WARNING - yt-dlp attempt 3 failed: Command '['yt-dlp', 'https://luciferdonghua.in/anime/stellar-transformation-season-7/episode-6/', '-o', '/home/zain/Videos/Anime/anime-dl/stellar transformation/season 7/Episode 6', '--no-playlist', '--output', '%(title)s.%(ext)s']' returned non-zero exit status 1.
2026-07-28 18:30:46,700 - downloader - ERROR - All yt-dlp attempts failed for https://luciferdonghua.in/anime/stellar-transformation-season-7/episode-6/
2026-07-28 18:30:46,703 - __main__ - ERROR - Failed to download stellar transformation ep 6
2026-07-28 18:30:48,102 - downloader - INFO - Downloading with yt-dlp: https://luciferdonghua.in/stellar-transformation-season-7-episode-07-and-08-lucifer-donghua/
2026-07-28 18:37:47,090 - downloader - WARNING - yt-dlp attempt 1 failed: Command '['yt-dlp', 'https://luciferdonghua.in/stellar-transformation-season-7-episode-07-and-08-lucifer-donghua/', '-o', '/home/zain/Videos/Anime/anime-dl/stellar transformation/season 7/Episode 7', '--no-playlist', '--output', '%(title)s.%(ext)s']' returned non-zero exit status 1.
2026-07-28 18:37:49,091 - downloader - INFO - Downloading with yt-dlp: https://luciferdonghua.in/stellar-transformation-season-7-episode-07-and-08-lucifer-donghua/
2026-07-28 18:37:52,140 - downloader - WARNING - yt-dlp attempt 2 failed: Command '['yt-dlp', 'https://luciferdonghua.in/stellar-transformation-season-7-episode-07-and-08-lucifer-donghua/', '-o', '/home/zain/Videos/Anime/anime-dl/stellar transformation/season 7/Episode 7', '--no-playlist', '--output', '%(title)s.%(ext)s']' returned non-zero exit status 1.
2026-07-28 18:37:54,141 - downloader - INFO - Downloading with yt-dlp: https://luciferdonghua.in/stellar-transformation-season-7-episode-07-and-08-lucifer-donghua/
2026-07-28 18:37:57,236 - downloader - WARNING - yt-dlp attempt 3 failed: Command '['yt-dlp', 'https://luciferdonghua.in/stellar-transformation-season-7-episode-07-and-08-lucifer-donghua/', '-o', '/home/zain/Videos/Anime/anime-dl/stellar transformation/season 7/Episode 7', '--no-playlist', '--output', '%(title)s.%(ext)s']' returned non-zero exit status 1.
2026-07-28 18:37:57,236 - downloader - ERROR - All yt-dlp attempts failed for https://luciferdonghua.in/stellar-transformation-season-7-episode-07-and-08-lucifer-donghua/
2026-07-28 18:37:57,238 - __main__ - ERROR - Failed to download stellar transformation ep 7
2026-07-28 18:37:58,615 - downloader - INFO - Downloading with yt-dlp: https://luciferdonghua.in/anime/stellar-transformation-season-7/episode-8/
2026-07-28 18:38:01,583 - downloader - WARNING - yt-dlp attempt 1 failed: Command '['yt-dlp', 'https://luciferdonghua.in/anime/stellar-transformation-season-7/episode-8/', '-o', '/home/zain/Videos/Anime/anime-dl/stellar transformation/season 7/Episode 8', '--no-playlist', '--output', '%(title)s.%(ext)s']' returned non-zero exit status 1.
2026-07-28 18:38:03,584 - downloader - INFO - Downloading with yt-dlp: https://luciferdonghua.in/anime/stellar-transformation-season-7/episode-8/
2026-07-28 18:38:06,608 - downloader - WARNING - yt-dlp attempt 2 failed: Command '['yt-dlp', 'https://luciferdonghua.in/anime/stellar-transformation-season-7/episode-8/', '-o', '/home/zain/Videos/Anime/anime-dl/stellar transformation/season 7/Episode 8', '--no-playlist', '--output', '%(title)s.%(ext)s']' returned non-zero exit status 1.
2026-07-28 18:38:08,609 - downloader - INFO - Downloading with yt-dlp: https://luciferdonghua.in/anime/stellar-transformation-season-7/episode-8/
2026-07-28 18:38:11,639 - downloader - WARNING - yt-dlp attempt 3 failed: Command '['yt-dlp', 'https://luciferdonghua.in/anime/stellar-transformation-season-7/episode-8/', '-o', '/home/zain/Videos/Anime/anime-dl/stellar transformation/season 7/Episode 8', '--no-playlist', '--output', '%(title)s.%(ext)s']' returned non-zero exit status 1.
2026-07-28 18:38:11,639 - downloader - ERROR - All yt-dlp attempts failed for https://luciferdonghua.in/anime/stellar-transformation-season-7/episode-8/
2026-07-28 18:38:11,640 - __main__ - ERROR - Failed to download stellar transformation ep 8
2026-07-28 18:38:13,013 - downloader - INFO - Downloading with yt-dlp: https://luciferdonghua.in/stellar-transformation-season-7-episode-09-and-10-lucifer-donghua/
2026-07-28 18:38:15,906 - downloader - WARNING - yt-dlp attempt 1 failed: Command '['yt-dlp', 'https://luciferdonghua.in/stellar-transformation-season-7-episode-09-and-10-lucifer-donghua/', '-o', '/home/zain/Videos/Anime/anime-dl/stellar transformation/season 7/Episode 9', '--no-playlist', '--output', '%(title)s.%(ext)s']' returned non-zero exit status 1.
2026-07-28 18:38:17,907 - downloader - INFO - Downloading with yt-dlp: https://luciferdonghua.in/stellar-transformation-season-7-episode-09-and-10-lucifer-donghua/
2026-07-28 18:38:20,871 - downloader - WARNING - yt-dlp attempt 2 failed: Command '['yt-dlp', 'https://luciferdonghua.in/stellar-transformation-season-7-episode-09-and-10-lucifer-donghua/', '-o', '/home/zain/Videos/Anime/anime-dl/stellar transformation/season 7/Episode 9', '--no-playlist', '--output', '%(title)s.%(ext)s']' returned non-zero exit status 1.
2026-07-28 18:38:22,872 - downloader - INFO - Downloading with yt-dlp: https://luciferdonghua.in/stellar-transformation-season-7-episode-09-and-10-lucifer-donghua/
2026-07-28 18:38:25,820 - downloader - WARNING - yt-dlp attempt 3 failed: Command '['yt-dlp', 'https://luciferdonghua.in/stellar-transformation-season-7-episode-09-and-10-lucifer-donghua/', '-o', '/home/zain/Videos/Anime/anime-dl/stellar transformation/season 7/Episode 9', '--no-playlist', '--output', '%(title)s.%(ext)s']' returned non-zero exit status 1.
2026-07-28 18:38:25,821 - downloader - ERROR - All yt-dlp attempts failed for https://luciferdonghua.in/stellar-transformation-season-7-episode-09-and-10-lucifer-donghua/
2026-07-28 18:38:25,821 - __main__ - ERROR - Failed to download stellar transformation ep 9
2026-07-28 18:38:27,184 - downloader - INFO - Downloading with yt-dlp: https://luciferdonghua.in/anime/stellar-transformation-season-7/episode-10/
2026-07-28 18:38:30,099 - downloader - WARNING - yt-dlp attempt 1 failed: Command '['yt-dlp', 'https://luciferdonghua.in/anime/stellar-transformation-season-7/episode-10/', '-o', '/home/zain/Videos/Anime/anime-dl/stellar transformation/season 7/Episode 10', '--no-playlist', '--output', '%(title)s.%(ext)s']' returned non-zero exit status 1.
2026-07-28 18:38:32,100 - downloader - INFO - Downloading with yt-dlp: https://luciferdonghua.in/anime/stellar-transformation-season-7/episode-10/
2026-07-28 18:38:35,273 - downloader - WARNING - yt-dlp attempt 2 failed: Command '['yt-dlp', 'https://luciferdonghua.in/anime/stellar-transformation-season-7/episode-10/', '-o', '/home/zain/Videos/Anime/anime-dl/stellar transformation/season 7/Episode 10', '--no-playlist', '--output', '%(title)s.%(ext)s']' returned non-zero exit status 1.
2026-07-28 18:38:37,273 - downloader - INFO - Downloading with yt-dlp: https://luciferdonghua.in/anime/stellar-transformation-season-7/episode-10/
2026-07-28 18:38:40,291 - downloader - WARNING - yt-dlp attempt 3 failed: Command '['yt-dlp', 'https://luciferdonghua.in/anime/stellar-transformation-season-7/episode-10/', '-o', '/home/zain/Videos/Anime/anime-dl/stellar transformation/season 7/Episode 10', '--no-playlist', '--output', '%(title)s.%(ext)s']' returned non-zero exit status 1.
2026-07-28 18:38:40,291 - downloader - ERROR - All yt-dlp attempts failed for https://luciferdonghua.in/anime/stellar-transformation-season-7/episode-10/
2026-07-28 18:38:40,292 - __main__ - ERROR - Failed to download stellar transformation ep 10
2026-07-28 18:38:41,676 - downloader - INFO - Downloading with yt-dlp: https://luciferdonghua.in/stellar-transformation-season-7-episode-11-and-12-lucifer-donghua/
2026-07-28 18:38:44,537 - downloader - WARNING - yt-dlp attempt 1 failed: Command '['yt-dlp', 'https://luciferdonghua.in/stellar-transformation-season-7-episode-11-and-12-lucifer-donghua/', '-o', '/home/zain/Videos/Anime/anime-dl/stellar transformation/season 7/Episode 11', '--no-playlist', '--output', '%(title)s.%(ext)s']' returned non-zero exit status 1.
2026-07-28 18:38:46,538 - downloader - INFO - Downloading with yt-dlp: https://luciferdonghua.in/stellar-transformation-season-7-episode-11-and-12-lucifer-donghua/
2026-07-28 18:38:49,683 - downloader - WARNING - yt-dlp attempt 2 failed: Command '['yt-dlp', 'https://luciferdonghua.in/stellar-transformation-season-7-episode-11-and-12-lucifer-donghua/', '-o', '/home/zain/Videos/Anime/anime-dl/stellar transformation/season 7/Episode 11', '--no-playlist', '--output', '%(title)s.%(ext)s']' returned non-zero exit status 1.
2026-07-28 18:38:51,684 - downloader - INFO - Downloading with yt-dlp: https://luciferdonghua.in/stellar-transformation-season-7-episode-11-and-12-lucifer-donghua/
2026-07-28 18:38:54,605 - downloader - WARNING - yt-dlp attempt 3 failed: Command '['yt-dlp', 'https://luciferdonghua.in/stellar-transformation-season-7-episode-11-and-12-lucifer-donghua/', '-o', '/home/zain/Videos/Anime/anime-dl/stellar transformation/season 7/Episode 11', '--no-playlist', '--output', '%(title)s.%(ext)s']' returned non-zero exit status 1.
2026-07-28 18:38:54,605 - downloader - ERROR - All yt-dlp attempts failed for https://luciferdonghua.in/stellar-transformation-season-7-episode-11-and-12-lucifer-donghua/
2026-07-28 18:38:54,605 - __main__ - ERROR - Failed to download stellar transformation ep 11
2026-07-28 18:38:54,606 - __main__ - INFO - Processing The Great Ruler
2026-07-28 18:38:54,613 - scraper.luciferdonghua - ERROR - Failed to scrape episode links from https://luciferdonghua.in/anime/the-great-ruler-season-2/: HTTPSConnectionPool(host='luciferdonghua.in', port=443): Max retries exceeded with url: /anime/the-great-ruler-season-2/ (Caused by NameResolutionError("HTTPSConnection(host='luciferdonghua.in', port=443): Failed to resolve 'luciferdonghua.in' ([Errno -3] Temporary failure in name resolution)"))
Traceback (most recent call last):
  File "/usr/lib/python3.14/site-packages/urllib3/connection.py", line 204, in _new_conn
    sock = connection.create_connection(
        (self._dns_host, self.port),
    ...<2 lines>...
        socket_options=self.socket_options,
    )
  File "/usr/lib/python3.14/site-packages/urllib3/util/connection.py", line 60, in create_connection
    for res in socket.getaddrinfo(host, port, family, socket.SOCK_STREAM):
               ~~~~~~~~~~~~~~~~~~^^^^^^^^^^^^^^^^^^^^^^^^^^^^^^^^^^^^^^^^
  File "/usr/lib/python3.14/socket.py", line 987, in getaddrinfo
    for res in _socket.getaddrinfo(host, port, family, type, proto, flags):
               ~~~~~~~~~~~~~~~~~~~^^^^^^^^^^^^^^^^^^^^^^^^^^^^^^^^^^^^^^^^
socket.gaierror: [Errno -3] Temporary failure in name resolution

The above exception was the direct cause of the following exception:

Traceback (most recent call last):
  File "/usr/lib/python3.14/site-packages/urllib3/connectionpool.py", line 788, in urlopen
    response = self._make_request(
        conn,
    ...<10 lines>...
        **response_kw,
    )
  File "/usr/lib/python3.14/site-packages/urllib3/connectionpool.py", line 488, in _make_request
    raise new_e
  File "/usr/lib/python3.14/site-packages/urllib3/connectionpool.py", line 464, in _make_request
    self._validate_conn(conn)
    ~~~~~~~~~~~~~~~~~~~^^^^^^
  File "/usr/lib/python3.14/site-packages/urllib3/connectionpool.py", line 1106, in _validate_conn
    conn.connect()
    ~~~~~~~~~~~~^^
  File "/usr/lib/python3.14/site-packages/urllib3/connection.py", line 759, in connect
    self.sock = sock = self._new_conn()
                       ~~~~~~~~~~~~~~^^
  File "/usr/lib/python3.14/site-packages/urllib3/connection.py", line 211, in _new_conn
    raise NameResolutionError(self.host, self, e) from e
urllib3.exceptions.NameResolutionError: HTTPSConnection(host='luciferdonghua.in', port=443): Failed to resolve 'luciferdonghua.in' ([Errno -3] Temporary failure in name resolution)

The above exception was the direct cause of the following exception:

Traceback (most recent call last):
  File "/usr/lib/python3.14/site-packages/requests/adapters.py", line 696, in send
    resp = conn.urlopen(
        method=request.method,
    ...<9 lines>...
        chunked=chunked,
    )
  File "/usr/lib/python3.14/site-packages/urllib3/connectionpool.py", line 842, in urlopen
    retries = retries.increment(
        method, url, error=new_e, _pool=self, _stacktrace=sys.exc_info()[2]
    )
  File "/usr/lib/python3.14/site-packages/urllib3/util/retry.py", line 543, in increment
    raise MaxRetryError(_pool, url, reason) from reason  # type: ignore[arg-type]
    ^^^^^^^^^^^^^^^^^^^^^^^^^^^^^^^^^^^^^^^^^^^^^^^^^^^
urllib3.exceptions.MaxRetryError: HTTPSConnectionPool(host='luciferdonghua.in', port=443): Max retries exceeded with url: /anime/the-great-ruler-season-2/ (Caused by NameResolutionError("HTTPSConnection(host='luciferdonghua.in', port=443): Failed to resolve 'luciferdonghua.in' ([Errno -3] Temporary failure in name resolution)"))

During handling of the above exception, another exception occurred:

Traceback (most recent call last):
  File "/home/zain/Scripts/anime-downloader/scraper/luciferdonghua.py", line 128, in _scrape_episode_links
    resp = requests.get(page_url, headers=HEADERS, timeout=TIMEOUT)
  File "/usr/lib/python3.14/site-packages/requests/api.py", line 87, in get
    return request("get", url, params=params, **kwargs)
  File "/usr/lib/python3.14/site-packages/requests/api.py", line 71, in request
    return session.request(method=method, url=url, **kwargs)
           ~~~~~~~~~~~~~~~^^^^^^^^^^^^^^^^^^^^^^^^^^^^^^^^^^
  File "/usr/lib/python3.14/site-packages/requests/sessions.py", line 651, in request
    resp = self.send(prep, **send_kwargs)
  File "/usr/lib/python3.14/site-packages/requests/sessions.py", line 784, in send
    r = adapter.send(request, **kwargs)
  File "/usr/lib/python3.14/site-packages/requests/adapters.py", line 729, in send
    raise ConnectionError(e, request=request)
requests.exceptions.ConnectionError: HTTPSConnectionPool(host='luciferdonghua.in', port=443): Max retries exceeded with url: /anime/the-great-ruler-season-2/ (Caused by NameResolutionError("HTTPSConnection(host='luciferdonghua.in', port=443): Failed to resolve 'luciferdonghua.in' ([Errno -3] Temporary failure in name resolution)"))
2026-07-28 18:38:54,630 - scraper.luciferdonghua - WARNING - No episode links found for The Great Ruler
2026-07-28 18:38:54,630 - __main__ - WARNING - No episodes found for The Great Ruler
2026-07-28 18:38:54,630 - __main__ - INFO - Processing appotheosis
2026-07-28 18:38:54,645 - scraper.luciferdonghua - WARNING - Could not find main page for appotheosis
2026-07-28 18:38:54,646 - __main__ - WARNING - No episodes found for appotheosis
2026-07-28 18:38:54,646 - __main__ - INFO - Processing Shrouding The Heavens
2026-07-28 18:38:54,651 - scraper.luciferdonghua - ERROR - Failed to scrape episode links from https://luciferdonghua.in/anime/shrouding-the-heavens/: HTTPSConnectionPool(host='luciferdonghua.in', port=443): Max retries exceeded with url: /anime/shrouding-the-heavens/ (Caused by NameResolutionError("HTTPSConnection(host='luciferdonghua.in', port=443): Failed to resolve 'luciferdonghua.in' ([Errno -3] Temporary failure in name resolution)"))
Traceback (most recent call last):
  File "/usr/lib/python3.14/site-packages/urllib3/connection.py", line 204, in _new_conn
    sock = connection.create_connection(
        (self._dns_host, self.port),
    ...<2 lines>...
        socket_options=self.socket_options,
    )
  File "/usr/lib/python3.14/site-packages/urllib3/util/connection.py", line 60, in create_connection
    for res in socket.getaddrinfo(host, port, family, socket.SOCK_STREAM):
               ~~~~~~~~~~~~~~~~~~^^^^^^^^^^^^^^^^^^^^^^^^^^^^^^^^^^^^^^^^
  File "/usr/lib/python3.14/socket.py", line 987, in getaddrinfo
    for res in _socket.getaddrinfo(host, port, family, type, proto, flags):
               ~~~~~~~~~~~~~~~~~~~^^^^^^^^^^^^^^^^^^^^^^^^^^^^^^^^^^^^^^^^
socket.gaierror: [Errno -3] Temporary failure in name resolution

The above exception was the direct cause of the following exception:

Traceback (most recent call last):
  File "/usr/lib/python3.14/site-packages/urllib3/connectionpool.py", line 788, in urlopen
    response = self._make_request(
        conn,
    ...<10 lines>...
        **response_kw,
    )
  File "/usr/lib/python3.14/site-packages/urllib3/connectionpool.py", line 488, in _make_request
    raise new_e
  File "/usr/lib/python3.14/site-packages/urllib3/connectionpool.py", line 464, in _make_request
    self._validate_conn(conn)
    ~~~~~~~~~~~~~~~~~~~^^^^^^
  File "/usr/lib/python3.14/site-packages/urllib3/connectionpool.py", line 1106, in _validate_conn
    conn.connect()
    ~~~~~~~~~~~~^^
  File "/usr/lib/python3.14/site-packages/urllib3/connection.py", line 759, in connect
    self.sock = sock = self._new_conn()
                       ~~~~~~~~~~~~~~^^
  File "/usr/lib/python3.14/site-packages/urllib3/connection.py", line 211, in _new_conn
    raise NameResolutionError(self.host, self, e) from e
urllib3.exceptions.NameResolutionError: HTTPSConnection(host='luciferdonghua.in', port=443): Failed to resolve 'luciferdonghua.in' ([Errno -3] Temporary failure in name resolution)

The above exception was the direct cause of the following exception:

Traceback (most recent call last):
  File "/usr/lib/python3.14/site-packages/requests/adapters.py", line 696, in send
    resp = conn.urlopen(
        method=request.method,
    ...<9 lines>...
        chunked=chunked,
    )
  File "/usr/lib/python3.14/site-packages/urllib3/connectionpool.py", line 842, in urlopen
    retries = retries.increment(
        method, url, error=new_e, _pool=self, _stacktrace=sys.exc_info()[2]
    )
  File "/usr/lib/python3.14/site-packages/urllib3/util/retry.py", line 543, in increment
    raise MaxRetryError(_pool, url, reason) from reason  # type: ignore[arg-type]
    ^^^^^^^^^^^^^^^^^^^^^^^^^^^^^^^^^^^^^^^^^^^^^^^^^^^
urllib3.exceptions.MaxRetryError: HTTPSConnectionPool(host='luciferdonghua.in', port=443): Max retries exceeded with url: /anime/shrouding-the-heavens/ (Caused by NameResolutionError("HTTPSConnection(host='luciferdonghua.in', port=443): Failed to resolve 'luciferdonghua.in' ([Errno -3] Temporary failure in name resolution)"))

During handling of the above exception, another exception occurred:

Traceback (most recent call last):
  File "/home/zain/Scripts/anime-downloader/scraper/luciferdonghua.py", line 128, in _scrape_episode_links
    resp = requests.get(page_url, headers=HEADERS, timeout=TIMEOUT)
  File "/usr/lib/python3.14/site-packages/requests/api.py", line 87, in get
    return request("get", url, params=params, **kwargs)
  File "/usr/lib/python3.14/site-packages/requests/api.py", line 71, in request
    return session.request(method=method, url=url, **kwargs)
           ~~~~~~~~~~~~~~~^^^^^^^^^^^^^^^^^^^^^^^^^^^^^^^^^^
  File "/usr/lib/python3.14/site-packages/requests/sessions.py", line 651, in request
    resp = self.send(prep, **send_kwargs)
  File "/usr/lib/python3.14/site-packages/requests/sessions.py", line 784, in send
    r = adapter.send(request, **kwargs)
  File "/usr/lib/python3.14/site-packages/requests/adapters.py", line 729, in send
    raise ConnectionError(e, request=request)
requests.exceptions.ConnectionError: HTTPSConnectionPool(host='luciferdonghua.in', port=443): Max retries exceeded with url: /anime/shrouding-the-heavens/ (Caused by NameResolutionError("HTTPSConnection(host='luciferdonghua.in', port=443): Failed to resolve 'luciferdonghua.in' ([Errno -3] Temporary failure in name resolution)"))
2026-07-28 18:38:54,664 - scraper.luciferdonghua - WARNING - No episode links found for Shrouding The Heavens
2026-07-28 18:38:54,664 - __main__ - WARNING - No episodes found for Shrouding The Heavens
2026-07-28 18:38:54,665 - __main__ - INFO - Processing btth
2026-07-28 18:38:54,678 - scraper.luciferdonghua - WARNING - Could not find main page for btth
2026-07-28 18:38:54,679 - __main__ - WARNING - No episodes found for btth
2026-07-28 18:38:54,680 - __main__ - INFO - Processing perfect world
2026-07-28 18:38:54,690 - scraper.luciferdonghua - ERROR - Failed to scrape episode links from https://luciferdonghua.in/anime/perfect-world-new/: HTTPSConnectionPool(host='luciferdonghua.in', port=443): Max retries exceeded with url: /anime/perfect-world-new/ (Caused by NameResolutionError("HTTPSConnection(host='luciferdonghua.in', port=443): Failed to resolve 'luciferdonghua.in' ([Errno -3] Temporary failure in name resolution)"))
Traceback (most recent call last):
  File "/usr/lib/python3.14/site-packages/urllib3/connection.py", line 204, in _new_conn
    sock = connection.create_connection(
        (self._dns_host, self.port),
    ...<2 lines>...
        socket_options=self.socket_options,
    )
  File "/usr/lib/python3.14/site-packages/urllib3/util/connection.py", line 60, in create_connection
    for res in socket.getaddrinfo(host, port, family, socket.SOCK_STREAM):
               ~~~~~~~~~~~~~~~~~~^^^^^^^^^^^^^^^^^^^^^^^^^^^^^^^^^^^^^^^^
  File "/usr/lib/python3.14/socket.py", line 987, in getaddrinfo
    for res in _socket.getaddrinfo(host, port, family, type, proto, flags):
               ~~~~~~~~~~~~~~~~~~~^^^^^^^^^^^^^^^^^^^^^^^^^^^^^^^^^^^^^^^^
socket.gaierror: [Errno -3] Temporary failure in name resolution

The above exception was the direct cause of the following exception:

Traceback (most recent call last):
  File "/usr/lib/python3.14/site-packages/urllib3/connectionpool.py", line 788, in urlopen
    response = self._make_request(
        conn,
    ...<10 lines>...
        **response_kw,
    )
  File "/usr/lib/python3.14/site-packages/urllib3/connectionpool.py", line 488, in _make_request
    raise new_e
  File "/usr/lib/python3.14/site-packages/urllib3/connectionpool.py", line 464, in _make_request
    self._validate_conn(conn)
    ~~~~~~~~~~~~~~~~~~~^^^^^^
  File "/usr/lib/python3.14/site-packages/urllib3/connectionpool.py", line 1106, in _validate_conn
    conn.connect()
    ~~~~~~~~~~~~^^
  File "/usr/lib/python3.14/site-packages/urllib3/connection.py", line 759, in connect
    self.sock = sock = self._new_conn()
                       ~~~~~~~~~~~~~~^^
  File "/usr/lib/python3.14/site-packages/urllib3/connection.py", line 211, in _new_conn
    raise NameResolutionError(self.host, self, e) from e
urllib3.exceptions.NameResolutionError: HTTPSConnection(host='luciferdonghua.in', port=443): Failed to resolve 'luciferdonghua.in' ([Errno -3] Temporary failure in name resolution)

The above exception was the direct cause of the following exception:

Traceback (most recent call last):
  File "/usr/lib/python3.14/site-packages/requests/adapters.py", line 696, in send
    resp = conn.urlopen(
        method=request.method,
    ...<9 lines>...
        chunked=chunked,
    )
  File "/usr/lib/python3.14/site-packages/urllib3/connectionpool.py", line 842, in urlopen
    retries = retries.increment(
        method, url, error=new_e, _pool=self, _stacktrace=sys.exc_info()[2]
    )
  File "/usr/lib/python3.14/site-packages/urllib3/util/retry.py", line 543, in increment
    raise MaxRetryError(_pool, url, reason) from reason  # type: ignore[arg-type]
    ^^^^^^^^^^^^^^^^^^^^^^^^^^^^^^^^^^^^^^^^^^^^^^^^^^^
urllib3.exceptions.MaxRetryError: HTTPSConnectionPool(host='luciferdonghua.in', port=443): Max retries exceeded with url: /anime/perfect-world-new/ (Caused by NameResolutionError("HTTPSConnection(host='luciferdonghua.in', port=443): Failed to resolve 'luciferdonghua.in' ([Errno -3] Temporary failure in name resolution)"))

During handling of the above exception, another exception occurred:

Traceback (most recent call last):
  File "/home/zain/Scripts/anime-downloader/scraper/luciferdonghua.py", line 128, in _scrape_episode_links
    resp = requests.get(page_url, headers=HEADERS, timeout=TIMEOUT)
  File "/usr/lib/python3.14/site-packages/requests/api.py", line 87, in get
    return request("get", url, params=params, **kwargs)
  File "/usr/lib/python3.14/site-packages/requests/api.py", line 71, in request
    return session.request(method=method, url=url, **kwargs)
           ~~~~~~~~~~~~~~~^^^^^^^^^^^^^^^^^^^^^^^^^^^^^^^^^^
  File "/usr/lib/python3.14/site-packages/requests/sessions.py", line 651, in request
    resp = self.send(prep, **send_kwargs)
  File "/usr/lib/python3.14/site-packages/requests/sessions.py", line 784, in send
    r = adapter.send(request, **kwargs)
  File "/usr/lib/python3.14/site-packages/requests/adapters.py", line 729, in send
    raise ConnectionError(e, request=request)
requests.exceptions.ConnectionError: HTTPSConnectionPool(host='luciferdonghua.in', port=443): Max retries exceeded with url: /anime/perfect-world-new/ (Caused by NameResolutionError("HTTPSConnection(host='luciferdonghua.in', port=443): Failed to resolve 'luciferdonghua.in' ([Errno -3] Temporary failure in name resolution)"))
2026-07-28 18:38:54,705 - scraper.luciferdonghua - WARNING - No episode links found for perfect world
2026-07-28 18:38:54,705 - __main__ - WARNING - No episodes found for perfect world
2026-07-28 18:38:54,706 - __main__ - INFO - Processing renegade immortal
2026-07-28 18:38:54,711 - scraper.luciferdonghua - ERROR - Failed to scrape episode links from https://luciferdonghua.in/anime/renegade-immortal-xian-ni/: HTTPSConnectionPool(host='luciferdonghua.in', port=443): Max retries exceeded with url: /anime/renegade-immortal-xian-ni/ (Caused by NameResolutionError("HTTPSConnection(host='luciferdonghua.in', port=443): Failed to resolve 'luciferdonghua.in' ([Errno -3] Temporary failure in name resolution)"))
Traceback (most recent call last):
  File "/usr/lib/python3.14/site-packages/urllib3/connection.py", line 204, in _new_conn
    sock = connection.create_connection(
        (self._dns_host, self.port),
    ...<2 lines>...
        socket_options=self.socket_options,
    )
  File "/usr/lib/python3.14/site-packages/urllib3/util/connection.py", line 60, in create_connection
    for res in socket.getaddrinfo(host, port, family, socket.SOCK_STREAM):
               ~~~~~~~~~~~~~~~~~~^^^^^^^^^^^^^^^^^^^^^^^^^^^^^^^^^^^^^^^^
  File "/usr/lib/python3.14/socket.py", line 987, in getaddrinfo
    for res in _socket.getaddrinfo(host, port, family, type, proto, flags):
               ~~~~~~~~~~~~~~~~~~~^^^^^^^^^^^^^^^^^^^^^^^^^^^^^^^^^^^^^^^^
socket.gaierror: [Errno -3] Temporary failure in name resolution

The above exception was the direct cause of the following exception:

Traceback (most recent call last):
  File "/usr/lib/python3.14/site-packages/urllib3/connectionpool.py", line 788, in urlopen
    response = self._make_request(
        conn,
    ...<10 lines>...
        **response_kw,
    )
  File "/usr/lib/python3.14/site-packages/urllib3/connectionpool.py", line 488, in _make_request
    raise new_e
  File "/usr/lib/python3.14/site-packages/urllib3/connectionpool.py", line 464, in _make_request
    self._validate_conn(conn)
    ~~~~~~~~~~~~~~~~~~~^^^^^^
  File "/usr/lib/python3.14/site-packages/urllib3/connectionpool.py", line 1106, in _validate_conn
    conn.connect()
    ~~~~~~~~~~~~^^
  File "/usr/lib/python3.14/site-packages/urllib3/connection.py", line 759, in connect
    self.sock = sock = self._new_conn()
                       ~~~~~~~~~~~~~~^^
  File "/usr/lib/python3.14/site-packages/urllib3/connection.py", line 211, in _new_conn
    raise NameResolutionError(self.host, self, e) from e
urllib3.exceptions.NameResolutionError: HTTPSConnection(host='luciferdonghua.in', port=443): Failed to resolve 'luciferdonghua.in' ([Errno -3] Temporary failure in name resolution)

The above exception was the direct cause of the following exception:

Traceback (most recent call last):
  File "/usr/lib/python3.14/site-packages/requests/adapters.py", line 696, in send
    resp = conn.urlopen(
        method=request.method,
    ...<9 lines>...
        chunked=chunked,
    )
  File "/usr/lib/python3.14/site-packages/urllib3/connectionpool.py", line 842, in urlopen
    retries = retries.increment(
        method, url, error=new_e, _pool=self, _stacktrace=sys.exc_info()[2]
    )
  File "/usr/lib/python3.14/site-packages/urllib3/util/retry.py", line 543, in increment
    raise MaxRetryError(_pool, url, reason) from reason  # type: ignore[arg-type]
    ^^^^^^^^^^^^^^^^^^^^^^^^^^^^^^^^^^^^^^^^^^^^^^^^^^^
urllib3.exceptions.MaxRetryError: HTTPSConnectionPool(host='luciferdonghua.in', port=443): Max retries exceeded with url: /anime/renegade-immortal-xian-ni/ (Caused by NameResolutionError("HTTPSConnection(host='luciferdonghua.in', port=443): Failed to resolve 'luciferdonghua.in' ([Errno -3] Temporary failure in name resolution)"))

During handling of the above exception, another exception occurred:

Traceback (most recent call last):
  File "/home/zain/Scripts/anime-downloader/scraper/luciferdonghua.py", line 128, in _scrape_episode_links
    resp = requests.get(page_url, headers=HEADERS, timeout=TIMEOUT)
  File "/usr/lib/python3.14/site-packages/requests/api.py", line 87, in get
    return request("get", url, params=params, **kwargs)
  File "/usr/lib/python3.14/site-packages/requests/api.py", line 71, in request
    return session.request(method=method, url=url, **kwargs)
           ~~~~~~~~~~~~~~~^^^^^^^^^^^^^^^^^^^^^^^^^^^^^^^^^^
  File "/usr/lib/python3.14/site-packages/requests/sessions.py", line 651, in request
    resp = self.send(prep, **send_kwargs)
  File "/usr/lib/python3.14/site-packages/requests/sessions.py", line 784, in send
    r = adapter.send(request, **kwargs)
  File "/usr/lib/python3.14/site-packages/requests/adapters.py", line 729, in send
    raise ConnectionError(e, request=request)
requests.exceptions.ConnectionError: HTTPSConnectionPool(host='luciferdonghua.in', port=443): Max retries exceeded with url: /anime/renegade-immortal-xian-ni/ (Caused by NameResolutionError("HTTPSConnection(host='luciferdonghua.in', port=443): Failed to resolve 'luciferdonghua.in' ([Errno -3] Temporary failure in name resolution)"))
2026-07-28 18:38:54,727 - scraper.luciferdonghua - WARNING - No episode links found for renegade immortal
2026-07-28 18:38:54,727 - __main__ - WARNING - No episodes found for renegade immortal
2026-07-28 18:38:54,728 - __main__ - INFO - Processing soul land 2
2026-07-28 18:38:54,733 - scraper.luciferdonghua - ERROR - Failed to scrape episode links from https://luciferdonghua.in/anime/soul-land-2-the-peerless-tang-sect-new-2023/: HTTPSConnectionPool(host='luciferdonghua.in', port=443): Max retries exceeded with url: /anime/soul-land-2-the-peerless-tang-sect-new-2023/ (Caused by NameResolutionError("HTTPSConnection(host='luciferdonghua.in', port=443): Failed to resolve 'luciferdonghua.in' ([Errno -3] Temporary failure in name resolution)"))
Traceback (most recent call last):
  File "/usr/lib/python3.14/site-packages/urllib3/connection.py", line 204, in _new_conn
    sock = connection.create_connection(
        (self._dns_host, self.port),
    ...<2 lines>...
        socket_options=self.socket_options,
    )
  File "/usr/lib/python3.14/site-packages/urllib3/util/connection.py", line 60, in create_connection
    for res in socket.getaddrinfo(host, port, family, socket.SOCK_STREAM):
               ~~~~~~~~~~~~~~~~~~^^^^^^^^^^^^^^^^^^^^^^^^^^^^^^^^^^^^^^^^
  File "/usr/lib/python3.14/socket.py", line 987, in getaddrinfo
    for res in _socket.getaddrinfo(host, port, family, type, proto, flags):
               ~~~~~~~~~~~~~~~~~~~^^^^^^^^^^^^^^^^^^^^^^^^^^^^^^^^^^^^^^^^
socket.gaierror: [Errno -3] Temporary failure in name resolution

The above exception was the direct cause of the following exception:

Traceback (most recent call last):
  File "/usr/lib/python3.14/site-packages/urllib3/connectionpool.py", line 788, in urlopen
    response = self._make_request(
        conn,
    ...<10 lines>...
        **response_kw,
    )
  File "/usr/lib/python3.14/site-packages/urllib3/connectionpool.py", line 488, in _make_request
    raise new_e
  File "/usr/lib/python3.14/site-packages/urllib3/connectionpool.py", line 464, in _make_request
    self._validate_conn(conn)
    ~~~~~~~~~~~~~~~~~~~^^^^^^
  File "/usr/lib/python3.14/site-packages/urllib3/connectionpool.py", line 1106, in _validate_conn
    conn.connect()
    ~~~~~~~~~~~~^^
  File "/usr/lib/python3.14/site-packages/urllib3/connection.py", line 759, in connect
    self.sock = sock = self._new_conn()
                       ~~~~~~~~~~~~~~^^
  File "/usr/lib/python3.14/site-packages/urllib3/connection.py", line 211, in _new_conn
    raise NameResolutionError(self.host, self, e) from e
urllib3.exceptions.NameResolutionError: HTTPSConnection(host='luciferdonghua.in', port=443): Failed to resolve 'luciferdonghua.in' ([Errno -3] Temporary failure in name resolution)

The above exception was the direct cause of the following exception:

Traceback (most recent call last):
  File "/usr/lib/python3.14/site-packages/requests/adapters.py", line 696, in send
    resp = conn.urlopen(
        method=request.method,
    ...<9 lines>...
        chunked=chunked,
    )
  File "/usr/lib/python3.14/site-packages/urllib3/connectionpool.py", line 842, in urlopen
    retries = retries.increment(
        method, url, error=new_e, _pool=self, _stacktrace=sys.exc_info()[2]
    )
  File "/usr/lib/python3.14/site-packages/urllib3/util/retry.py", line 543, in increment
    raise MaxRetryError(_pool, url, reason) from reason  # type: ignore[arg-type]
    ^^^^^^^^^^^^^^^^^^^^^^^^^^^^^^^^^^^^^^^^^^^^^^^^^^^
urllib3.exceptions.MaxRetryError: HTTPSConnectionPool(host='luciferdonghua.in', port=443): Max retries exceeded with url: /anime/soul-land-2-the-peerless-tang-sect-new-2023/ (Caused by NameResolutionError("HTTPSConnection(host='luciferdonghua.in', port=443): Failed to resolve 'luciferdonghua.in' ([Errno -3] Temporary failure in name resolution)"))

During handling of the above exception, another exception occurred:

Traceback (most recent call last):
  File "/home/zain/Scripts/anime-downloader/scraper/luciferdonghua.py", line 128, in _scrape_episode_links
    resp = requests.get(page_url, headers=HEADERS, timeout=TIMEOUT)
  File "/usr/lib/python3.14/site-packages/requests/api.py", line 87, in get
    return request("get", url, params=params, **kwargs)
  File "/usr/lib/python3.14/site-packages/requests/api.py", line 71, in request
    return session.request(method=method, url=url, **kwargs)
           ~~~~~~~~~~~~~~~^^^^^^^^^^^^^^^^^^^^^^^^^^^^^^^^^^
  File "/usr/lib/python3.14/site-packages/requests/sessions.py", line 651, in request
    resp = self.send(prep, **send_kwargs)
  File "/usr/lib/python3.14/site-packages/requests/sessions.py", line 784, in send
    r = adapter.send(request, **kwargs)
  File "/usr/lib/python3.14/site-packages/requests/adapters.py", line 729, in send
    raise ConnectionError(e, request=request)
requests.exceptions.ConnectionError: HTTPSConnectionPool(host='luciferdonghua.in', port=443): Max retries exceeded with url: /anime/soul-land-2-the-peerless-tang-sect-new-2023/ (Caused by NameResolutionError("HTTPSConnection(host='luciferdonghua.in', port=443): Failed to resolve 'luciferdonghua.in' ([Errno -3] Temporary failure in name resolution)"))
2026-07-28 18:38:54,749 - scraper.luciferdonghua - WARNING - No episode links found for soul land 2
2026-07-28 18:38:54,749 - __main__ - WARNING - No episodes found for soul land 2
2026-07-28 18:38:54,749 - __main__ - INFO - Processing swallowed star
2026-07-28 18:38:54,754 - scraper.luciferdonghua - ERROR - Failed to scrape episode links from https://luciferdonghua.in/anime/swallowed-star-season-4-new/: HTTPSConnectionPool(host='luciferdonghua.in', port=443): Max retries exceeded with url: /anime/swallowed-star-season-4-new/ (Caused by NameResolutionError("HTTPSConnection(host='luciferdonghua.in', port=443): Failed to resolve 'luciferdonghua.in' ([Errno -3] Temporary failure in name resolution)"))
Traceback (most recent call last):
  File "/usr/lib/python3.14/site-packages/urllib3/connection.py", line 204, in _new_conn
    sock = connection.create_connection(
        (self._dns_host, self.port),
    ...<2 lines>...
        socket_options=self.socket_options,
    )
  File "/usr/lib/python3.14/site-packages/urllib3/util/connection.py", line 60, in create_connection
    for res in socket.getaddrinfo(host, port, family, socket.SOCK_STREAM):
               ~~~~~~~~~~~~~~~~~~^^^^^^^^^^^^^^^^^^^^^^^^^^^^^^^^^^^^^^^^
  File "/usr/lib/python3.14/socket.py", line 987, in getaddrinfo
    for res in _socket.getaddrinfo(host, port, family, type, proto, flags):
               ~~~~~~~~~~~~~~~~~~~^^^^^^^^^^^^^^^^^^^^^^^^^^^^^^^^^^^^^^^^
socket.gaierror: [Errno -3] Temporary failure in name resolution

The above exception was the direct cause of the following exception:

Traceback (most recent call last):
  File "/usr/lib/python3.14/site-packages/urllib3/connectionpool.py", line 788, in urlopen
    response = self._make_request(
        conn,
    ...<10 lines>...
        **response_kw,
    )
  File "/usr/lib/python3.14/site-packages/urllib3/connectionpool.py", line 488, in _make_request
    raise new_e
  File "/usr/lib/python3.14/site-packages/urllib3/connectionpool.py", line 464, in _make_request
    self._validate_conn(conn)
    ~~~~~~~~~~~~~~~~~~~^^^^^^
  File "/usr/lib/python3.14/site-packages/urllib3/connectionpool.py", line 1106, in _validate_conn
    conn.connect()
    ~~~~~~~~~~~~^^
  File "/usr/lib/python3.14/site-packages/urllib3/connection.py", line 759, in connect
    self.sock = sock = self._new_conn()
                       ~~~~~~~~~~~~~~^^
  File "/usr/lib/python3.14/site-packages/urllib3/connection.py", line 211, in _new_conn
    raise NameResolutionError(self.host, self, e) from e
urllib3.exceptions.NameResolutionError: HTTPSConnection(host='luciferdonghua.in', port=443): Failed to resolve 'luciferdonghua.in' ([Errno -3] Temporary failure in name resolution)

The above exception was the direct cause of the following exception:

Traceback (most recent call last):
  File "/usr/lib/python3.14/site-packages/requests/adapters.py", line 696, in send
    resp = conn.urlopen(
        method=request.method,
    ...<9 lines>...
        chunked=chunked,
    )
  File "/usr/lib/python3.14/site-packages/urllib3/connectionpool.py", line 842, in urlopen
    retries = retries.increment(
        method, url, error=new_e, _pool=self, _stacktrace=sys.exc_info()[2]
    )
  File "/usr/lib/python3.14/site-packages/urllib3/util/retry.py", line 543, in increment
    raise MaxRetryError(_pool, url, reason) from reason  # type: ignore[arg-type]
    ^^^^^^^^^^^^^^^^^^^^^^^^^^^^^^^^^^^^^^^^^^^^^^^^^^^
urllib3.exceptions.MaxRetryError: HTTPSConnectionPool(host='luciferdonghua.in', port=443): Max retries exceeded with url: /anime/swallowed-star-season-4-new/ (Caused by NameResolutionError("HTTPSConnection(host='luciferdonghua.in', port=443): Failed to resolve 'luciferdonghua.in' ([Errno -3] Temporary failure in name resolution)"))

During handling of the above exception, another exception occurred:

Traceback (most recent call last):
  File "/home/zain/Scripts/anime-downloader/scraper/luciferdonghua.py", line 128, in _scrape_episode_links
    resp = requests.get(page_url, headers=HEADERS, timeout=TIMEOUT)
  File "/usr/lib/python3.14/site-packages/requests/api.py", line 87, in get
    return request("get", url, params=params, **kwargs)
  File "/usr/lib/python3.14/site-packages/requests/api.py", line 71, in request
    return session.request(method=method, url=url, **kwargs)
           ~~~~~~~~~~~~~~~^^^^^^^^^^^^^^^^^^^^^^^^^^^^^^^^^^
  File "/usr/lib/python3.14/site-packages/requests/sessions.py", line 651, in request
    resp = self.send(prep, **send_kwargs)
  File "/usr/lib/python3.14/site-packages/requests/sessions.py", line 784, in send
    r = adapter.send(request, **kwargs)
  File "/usr/lib/python3.14/site-packages/requests/adapters.py", line 729, in send
    raise ConnectionError(e, request=request)
requests.exceptions.ConnectionError: HTTPSConnectionPool(host='luciferdonghua.in', port=443): Max retries exceeded with url: /anime/swallowed-star-season-4-new/ (Caused by NameResolutionError("HTTPSConnection(host='luciferdonghua.in', port=443): Failed to resolve 'luciferdonghua.in' ([Errno -3] Temporary failure in name resolution)"))
2026-07-28 18:38:54,774 - scraper.luciferdonghua - WARNING - No episode links found for swallowed star
2026-07-28 18:38:54,774 - __main__ - WARNING - No episodes found for swallowed star
2026-07-28 18:38:54,774 - __main__ - INFO - Processing Tomb of Fallen Gods
2026-07-28 18:38:54,780 - scraper.luciferdonghua - ERROR - Failed to scrape episode links from https://luciferdonghua.in/anime/tomb-of-fallen-gods-season-3-2025/: HTTPSConnectionPool(host='luciferdonghua.in', port=443): Max retries exceeded with url: /anime/tomb-of-fallen-gods-season-3-2025/ (Caused by NameResolutionError("HTTPSConnection(host='luciferdonghua.in', port=443): Failed to resolve 'luciferdonghua.in' ([Errno -3] Temporary failure in name resolution)"))
Traceback (most recent call last):
  File "/usr/lib/python3.14/site-packages/urllib3/connection.py", line 204, in _new_conn
    sock = connection.create_connection(
        (self._dns_host, self.port),
    ...<2 lines>...
        socket_options=self.socket_options,
    )
  File "/usr/lib/python3.14/site-packages/urllib3/util/connection.py", line 60, in create_connection
    for res in socket.getaddrinfo(host, port, family, socket.SOCK_STREAM):
               ~~~~~~~~~~~~~~~~~~^^^^^^^^^^^^^^^^^^^^^^^^^^^^^^^^^^^^^^^^
  File "/usr/lib/python3.14/socket.py", line 987, in getaddrinfo
    for res in _socket.getaddrinfo(host, port, family, type, proto, flags):
               ~~~~~~~~~~~~~~~~~~~^^^^^^^^^^^^^^^^^^^^^^^^^^^^^^^^^^^^^^^^
socket.gaierror: [Errno -3] Temporary failure in name resolution

The above exception was the direct cause of the following exception:

Traceback (most recent call last):
  File "/usr/lib/python3.14/site-packages/urllib3/connectionpool.py", line 788, in urlopen
    response = self._make_request(
        conn,
    ...<10 lines>...
        **response_kw,
    )
  File "/usr/lib/python3.14/site-packages/urllib3/connectionpool.py", line 488, in _make_request
    raise new_e
  File "/usr/lib/python3.14/site-packages/urllib3/connectionpool.py", line 464, in _make_request
    self._validate_conn(conn)
    ~~~~~~~~~~~~~~~~~~~^^^^^^
  File "/usr/lib/python3.14/site-packages/urllib3/connectionpool.py", line 1106, in _validate_conn
    conn.connect()
    ~~~~~~~~~~~~^^
  File "/usr/lib/python3.14/site-packages/urllib3/connection.py", line 759, in connect
    self.sock = sock = self._new_conn()
                       ~~~~~~~~~~~~~~^^
  File "/usr/lib/python3.14/site-packages/urllib3/connection.py", line 211, in _new_conn
    raise NameResolutionError(self.host, self, e) from e
urllib3.exceptions.NameResolutionError: HTTPSConnection(host='luciferdonghua.in', port=443): Failed to resolve 'luciferdonghua.in' ([Errno -3] Temporary failure in name resolution)

The above exception was the direct cause of the following exception:

Traceback (most recent call last):
  File "/usr/lib/python3.14/site-packages/requests/adapters.py", line 696, in send
    resp = conn.urlopen(
        method=request.method,
    ...<9 lines>...
        chunked=chunked,
    )
  File "/usr/lib/python3.14/site-packages/urllib3/connectionpool.py", line 842, in urlopen
    retries = retries.increment(
        method, url, error=new_e, _pool=self, _stacktrace=sys.exc_info()[2]
    )
  File "/usr/lib/python3.14/site-packages/urllib3/util/retry.py", line 543, in increment
    raise MaxRetryError(_pool, url, reason) from reason  # type: ignore[arg-type]
    ^^^^^^^^^^^^^^^^^^^^^^^^^^^^^^^^^^^^^^^^^^^^^^^^^^^
urllib3.exceptions.MaxRetryError: HTTPSConnectionPool(host='luciferdonghua.in', port=443): Max retries exceeded with url: /anime/tomb-of-fallen-gods-season-3-2025/ (Caused by NameResolutionError("HTTPSConnection(host='luciferdonghua.in', port=443): Failed to resolve 'luciferdonghua.in' ([Errno -3] Temporary failure in name resolution)"))

During handling of the above exception, another exception occurred:

Traceback (most recent call last):
  File "/home/zain/Scripts/anime-downloader/scraper/luciferdonghua.py", line 128, in _scrape_episode_links
    resp = requests.get(page_url, headers=HEADERS, timeout=TIMEOUT)
  File "/usr/lib/python3.14/site-packages/requests/api.py", line 87, in get
    return request("get", url, params=params, **kwargs)
  File "/usr/lib/python3.14/site-packages/requests/api.py", line 71, in request
    return session.request(method=method, url=url, **kwargs)
           ~~~~~~~~~~~~~~~^^^^^^^^^^^^^^^^^^^^^^^^^^^^^^^^^^
  File "/usr/lib/python3.14/site-packages/requests/sessions.py", line 651, in request
    resp = self.send(prep, **send_kwargs)
  File "/usr/lib/python3.14/site-packages/requests/sessions.py", line 784, in send
    r = adapter.send(request, **kwargs)
  File "/usr/lib/python3.14/site-packages/requests/adapters.py", line 729, in send
    raise ConnectionError(e, request=request)
requests.exceptions.ConnectionError: HTTPSConnectionPool(host='luciferdonghua.in', port=443): Max retries exceeded with url: /anime/tomb-of-fallen-gods-season-3-2025/ (Caused by NameResolutionError("HTTPSConnection(host='luciferdonghua.in', port=443): Failed to resolve 'luciferdonghua.in' ([Errno -3] Temporary failure in name resolution)"))
2026-07-28 18:38:54,796 - scraper.luciferdonghua - WARNING - No episode links found for Tomb of Fallen Gods
2026-07-28 18:38:54,796 - __main__ - WARNING - No episodes found for Tomb of Fallen Gods
2026-07-28 18:38:54,797 - __main__ - INFO - Processing Beyond the Timescape
2026-07-28 18:38:54,801 - scraper.luciferdonghua - ERROR - Failed to scrape episode links from https://luciferdonghua.in/anime/beyond-the-timescape-2025/: HTTPSConnectionPool(host='luciferdonghua.in', port=443): Max retries exceeded with url: /anime/beyond-the-timescape-2025/ (Caused by NameResolutionError("HTTPSConnection(host='luciferdonghua.in', port=443): Failed to resolve 'luciferdonghua.in' ([Errno -3] Temporary failure in name resolution)"))
Traceback (most recent call last):
  File "/usr/lib/python3.14/site-packages/urllib3/connection.py", line 204, in _new_conn
    sock = connection.create_connection(
        (self._dns_host, self.port),
    ...<2 lines>...
        socket_options=self.socket_options,
    )
  File "/usr/lib/python3.14/site-packages/urllib3/util/connection.py", line 60, in create_connection
    for res in socket.getaddrinfo(host, port, family, socket.SOCK_STREAM):
               ~~~~~~~~~~~~~~~~~~^^^^^^^^^^^^^^^^^^^^^^^^^^^^^^^^^^^^^^^^
  File "/usr/lib/python3.14/socket.py", line 987, in getaddrinfo
    for res in _socket.getaddrinfo(host, port, family, type, proto, flags):
               ~~~~~~~~~~~~~~~~~~~^^^^^^^^^^^^^^^^^^^^^^^^^^^^^^^^^^^^^^^^
socket.gaierror: [Errno -3] Temporary failure in name resolution

The above exception was the direct cause of the following exception:

Traceback (most recent call last):
  File "/usr/lib/python3.14/site-packages/urllib3/connectionpool.py", line 788, in urlopen
    response = self._make_request(
        conn,
    ...<10 lines>...
        **response_kw,
    )
  File "/usr/lib/python3.14/site-packages/urllib3/connectionpool.py", line 488, in _make_request
    raise new_e
  File "/usr/lib/python3.14/site-packages/urllib3/connectionpool.py", line 464, in _make_request
    self._validate_conn(conn)
    ~~~~~~~~~~~~~~~~~~~^^^^^^
  File "/usr/lib/python3.14/site-packages/urllib3/connectionpool.py", line 1106, in _validate_conn
    conn.connect()
    ~~~~~~~~~~~~^^
  File "/usr/lib/python3.14/site-packages/urllib3/connection.py", line 759, in connect
    self.sock = sock = self._new_conn()
                       ~~~~~~~~~~~~~~^^
  File "/usr/lib/python3.14/site-packages/urllib3/connection.py", line 211, in _new_conn
    raise NameResolutionError(self.host, self, e) from e
urllib3.exceptions.NameResolutionError: HTTPSConnection(host='luciferdonghua.in', port=443): Failed to resolve 'luciferdonghua.in' ([Errno -3] Temporary failure in name resolution)

The above exception was the direct cause of the following exception:

Traceback (most recent call last):
  File "/usr/lib/python3.14/site-packages/requests/adapters.py", line 696, in send
    resp = conn.urlopen(
        method=request.method,
    ...<9 lines>...
        chunked=chunked,
    )
  File "/usr/lib/python3.14/site-packages/urllib3/connectionpool.py", line 842, in urlopen
    retries = retries.increment(
        method, url, error=new_e, _pool=self, _stacktrace=sys.exc_info()[2]
    )
  File "/usr/lib/python3.14/site-packages/urllib3/util/retry.py", line 543, in increment
    raise MaxRetryError(_pool, url, reason) from reason  # type: ignore[arg-type]
    ^^^^^^^^^^^^^^^^^^^^^^^^^^^^^^^^^^^^^^^^^^^^^^^^^^^
urllib3.exceptions.MaxRetryError: HTTPSConnectionPool(host='luciferdonghua.in', port=443): Max retries exceeded with url: /anime/beyond-the-timescape-2025/ (Caused by NameResolutionError("HTTPSConnection(host='luciferdonghua.in', port=443): Failed to resolve 'luciferdonghua.in' ([Errno -3] Temporary failure in name resolution)"))

During handling of the above exception, another exception occurred:

Traceback (most recent call last):
  File "/home/zain/Scripts/anime-downloader/scraper/luciferdonghua.py", line 128, in _scrape_episode_links
    resp = requests.get(page_url, headers=HEADERS, timeout=TIMEOUT)
  File "/usr/lib/python3.14/site-packages/requests/api.py", line 87, in get
    return request("get", url, params=params, **kwargs)
  File "/usr/lib/python3.14/site-packages/requests/api.py", line 71, in request
    return session.request(method=method, url=url, **kwargs)
           ~~~~~~~~~~~~~~~^^^^^^^^^^^^^^^^^^^^^^^^^^^^^^^^^^
  File "/usr/lib/python3.14/site-packages/requests/sessions.py", line 651, in request
    resp = self.send(prep, **send_kwargs)
  File "/usr/lib/python3.14/site-packages/requests/sessions.py", line 784, in send
    r = adapter.send(request, **kwargs)
  File "/usr/lib/python3.14/site-packages/requests/adapters.py", line 729, in send
    raise ConnectionError(e, request=request)
requests.exceptions.ConnectionError: HTTPSConnectionPool(host='luciferdonghua.in', port=443): Max retries exceeded with url: /anime/beyond-the-timescape-2025/ (Caused by NameResolutionError("HTTPSConnection(host='luciferdonghua.in', port=443): Failed to resolve 'luciferdonghua.in' ([Errno -3] Temporary failure in name resolution)"))
2026-07-28 18:38:54,821 - scraper.luciferdonghua - WARNING - No episode links found for Beyond the Timescape
2026-07-28 18:38:54,821 - __main__ - WARNING - No episodes found for Beyond the Timescape
2026-07-28 18:38:54,821 - __main__ - INFO - Processing sword and fairy 3
2026-07-28 18:38:54,833 - scraper.luciferdonghua - WARNING - Could not find main page for sword and fairy 3
2026-07-28 18:38:54,834 - __main__ - WARNING - No episodes found for sword and fairy 3
2026-07-28 18:38:54,834 - __main__ - INFO - Processing The Supreme Body Refining Master
2026-07-28 18:38:54,845 - scraper.luciferdonghua - WARNING - Could not find main page for The Supreme Body Refining Master
2026-07-28 18:38:54,845 - __main__ - WARNING - No episodes found for The Supreme Body Refining Master
2026-07-28 18:38:54,846 - __main__ - INFO - Processing sword of coming(jian lai)
2026-07-28 18:38:54,855 - scraper.luciferdonghua - WARNING - Could not find main page for sword of coming(jian lai)
2026-07-28 18:38:54,856 - __main__ - WARNING - No episodes found for sword of coming(jian lai)
2026-07-28 18:38:54,856 - __main__ - INFO - Processing keyboard immortal
2026-07-28 18:38:54,863 - scraper.luciferdonghua - WARNING - Could not find main page for keyboard immortal
2026-07-28 18:38:54,864 - __main__ - WARNING - No episodes found for keyboard immortal
2026-07-28 18:38:54,864 - __main__ - INFO - Processing The Divine Emperor of Destiny
2026-07-28 18:38:54,878 - scraper.luciferdonghua - WARNING - Could not find main page for The Divine Emperor of Destiny
2026-07-28 18:38:54,878 - __main__ - WARNING - No episodes found for The Divine Emperor of Destiny
2026-07-28 18:38:54,878 - __main__ - INFO - Processing Twin Martial Spirits
2026-07-28 18:38:54,892 - scraper.luciferdonghua - WARNING - Could not find main page for Twin Martial Spirits
2026-07-28 18:38:54,892 - __main__ - WARNING - No episodes found for Twin Martial Spirits
2026-07-28 18:38:54,893 - __main__ - INFO - Processing Endless Heaven Realm
2026-07-28 18:38:54,900 - scraper.luciferdonghua - WARNING - Could not find main page for Endless Heaven Realm
2026-07-28 18:38:54,900 - __main__ - WARNING - No episodes found for Endless Heaven Realm
2026-07-28 18:38:54,901 - __main__ - INFO - Skipping completed: lord of all realms
2026-07-28 18:38:54,901 - __main__ - INFO - Skipping completed: classroom of the elite
2026-07-28 18:38:54,902 - __main__ - INFO - Skipping completed: against the gods
2026-07-28 18:38:54,902 - __main__ - INFO - Skipping completed: appotheosis
2026-07-28 18:38:54,903 - __main__ - INFO - Skipping completed: stellar transformation
2026-07-28 18:38:54,903 - __main__ - INFO - Skipping completed: Return of the Divine Emperor
2026-07-28 18:38:54,903 - __main__ - INFO - Skipping completed: The strongest upgrade
2026-07-28 18:38:54,904 - __main__ - INFO - Skipping completed: The Demon Hunter
2026-07-28 18:38:54,904 - __main__ - INFO - Skipping completed: Above the Kingdom of God
2026-07-28 18:38:54,904 - __main__ - INFO - Skipping completed: Jade Dynasty
2026-07-28 18:38:54,904 - __main__ - INFO - Skipping completed: Divine Lord Of Heavens
2026-07-28 18:38:54,905 - __main__ - INFO - Skipping completed: Dragon Raja
2026-07-28 18:38:54,905 - __main__ - INFO - Skipping completed: Martial Universe
2026-07-28 18:38:54,905 - __main__ - INFO - Skipping completed: Legend of the Misty Sword Immortal
2026-07-28 18:38:54,906 - __main__ - INFO - Skipping completed: Supreme Over the Sky
2026-07-28 18:38:54,906 - __main__ - INFO - Skipping completed: Peerless Divine Emperor
2026-07-28 18:38:54,906 - __main__ - INFO - Skipping completed: World Defying Dan God
2026-07-28 18:38:54,906 - __main__ - INFO - Skipping completed: The Daily Life of Immortal King
2026-07-28 18:38:54,907 - __main__ - INFO - Skipping completed: Nine Suns Martial God
2026-07-28 18:38:54,907 - __main__ - INFO - Skipping completed: Throne of seal
2026-07-28 18:38:54,907 - __main__ - INFO - Skipping completed: The Gate of Mystical Realm
2026-07-28 18:38:54,907 - __main__ - INFO - Skipping completed: Immortality
2026-07-28 18:38:54,908 - __main__ - INFO - Anime Downloader finished.
2026-07-28 18:41:45,686 - __main__ - INFO - Starting Anime Downloader
2026-07-28 18:41:45,688 - __main__ - INFO - Processing stellar transformation
2026-07-28 18:41:45,697 - scraper.luciferdonghua - ERROR - Failed to scrape episode links from https://luciferdonghua.in/anime/stellar-transformation-season-7/: HTTPSConnectionPool(host='luciferdonghua.in', port=443): Max retries exceeded with url: /anime/stellar-transformation-season-7/ (Caused by NameResolutionError("HTTPSConnection(host='luciferdonghua.in', port=443): Failed to resolve 'luciferdonghua.in' ([Errno -3] Temporary failure in name resolution)"))
Traceback (most recent call last):
  File "/usr/lib/python3.14/site-packages/urllib3/connection.py", line 204, in _new_conn
    sock = connection.create_connection(
        (self._dns_host, self.port),
    ...<2 lines>...
        socket_options=self.socket_options,
    )
  File "/usr/lib/python3.14/site-packages/urllib3/util/connection.py", line 60, in create_connection
    for res in socket.getaddrinfo(host, port, family, socket.SOCK_STREAM):
               ~~~~~~~~~~~~~~~~~~^^^^^^^^^^^^^^^^^^^^^^^^^^^^^^^^^^^^^^^^
  File "/usr/lib/python3.14/socket.py", line 987, in getaddrinfo
    for res in _socket.getaddrinfo(host, port, family, type, proto, flags):
               ~~~~~~~~~~~~~~~~~~~^^^^^^^^^^^^^^^^^^^^^^^^^^^^^^^^^^^^^^^^
socket.gaierror: [Errno -3] Temporary failure in name resolution

The above exception was the direct cause of the following exception:

Traceback (most recent call last):
  File "/usr/lib/python3.14/site-packages/urllib3/connectionpool.py", line 788, in urlopen
    response = self._make_request(
        conn,
    ...<10 lines>...
        **response_kw,
    )
  File "/usr/lib/python3.14/site-packages/urllib3/connectionpool.py", line 488, in _make_request
    raise new_e
  File "/usr/lib/python3.14/site-packages/urllib3/connectionpool.py", line 464, in _make_request
    self._validate_conn(conn)
    ~~~~~~~~~~~~~~~~~~~^^^^^^
  File "/usr/lib/python3.14/site-packages/urllib3/connectionpool.py", line 1106, in _validate_conn
    conn.connect()
    ~~~~~~~~~~~~^^
  File "/usr/lib/python3.14/site-packages/urllib3/connection.py", line 759, in connect
    self.sock = sock = self._new_conn()
                       ~~~~~~~~~~~~~~^^
  File "/usr/lib/python3.14/site-packages/urllib3/connection.py", line 211, in _new_conn
    raise NameResolutionError(self.host, self, e) from e
urllib3.exceptions.NameResolutionError: HTTPSConnection(host='luciferdonghua.in', port=443): Failed to resolve 'luciferdonghua.in' ([Errno -3] Temporary failure in name resolution)

The above exception was the direct cause of the following exception:

Traceback (most recent call last):
  File "/usr/lib/python3.14/site-packages/requests/adapters.py", line 696, in send
    resp = conn.urlopen(
        method=request.method,
    ...<9 lines>...
        chunked=chunked,
    )
  File "/usr/lib/python3.14/site-packages/urllib3/connectionpool.py", line 842, in urlopen
    retries = retries.increment(
        method, url, error=new_e, _pool=self, _stacktrace=sys.exc_info()[2]
    )
  File "/usr/lib/python3.14/site-packages/urllib3/util/retry.py", line 543, in increment
    raise MaxRetryError(_pool, url, reason) from reason  # type: ignore[arg-type]
    ^^^^^^^^^^^^^^^^^^^^^^^^^^^^^^^^^^^^^^^^^^^^^^^^^^^
urllib3.exceptions.MaxRetryError: HTTPSConnectionPool(host='luciferdonghua.in', port=443): Max retries exceeded with url: /anime/stellar-transformation-season-7/ (Caused by NameResolutionError("HTTPSConnection(host='luciferdonghua.in', port=443): Failed to resolve 'luciferdonghua.in' ([Errno -3] Temporary failure in name resolution)"))

During handling of the above exception, another exception occurred:

Traceback (most recent call last):
  File "/home/zain/Scripts/anime-downloader/scraper/luciferdonghua.py", line 128, in _scrape_episode_links
    resp = requests.get(page_url, headers=HEADERS, timeout=TIMEOUT)
  File "/usr/lib/python3.14/site-packages/requests/api.py", line 87, in get
    return request("get", url, params=params, **kwargs)
  File "/usr/lib/python3.14/site-packages/requests/api.py", line 71, in request
    return session.request(method=method, url=url, **kwargs)
           ~~~~~~~~~~~~~~~^^^^^^^^^^^^^^^^^^^^^^^^^^^^^^^^^^
  File "/usr/lib/python3.14/site-packages/requests/sessions.py", line 651, in request
    resp = self.send(prep, **send_kwargs)
  File "/usr/lib/python3.14/site-packages/requests/sessions.py", line 784, in send
    r = adapter.send(request, **kwargs)
  File "/usr/lib/python3.14/site-packages/requests/adapters.py", line 729, in send
    raise ConnectionError(e, request=request)
requests.exceptions.ConnectionError: HTTPSConnectionPool(host='luciferdonghua.in', port=443): Max retries exceeded with url: /anime/stellar-transformation-season-7/ (Caused by NameResolutionError("HTTPSConnection(host='luciferdonghua.in', port=443): Failed to resolve 'luciferdonghua.in' ([Errno -3] Temporary failure in name resolution)"))
2026-07-28 18:41:45,714 - scraper.luciferdonghua - WARNING - No episode links found for stellar transformation
2026-07-28 18:41:45,714 - __main__ - WARNING - No episodes found for stellar transformation
2026-07-28 18:41:45,714 - __main__ - INFO - Processing The Great Ruler
2026-07-28 18:41:45,719 - scraper.luciferdonghua - ERROR - Failed to scrape episode links from https://luciferdonghua.in/anime/the-great-ruler-season-2/: HTTPSConnectionPool(host='luciferdonghua.in', port=443): Max retries exceeded with url: /anime/the-great-ruler-season-2/ (Caused by NameResolutionError("HTTPSConnection(host='luciferdonghua.in', port=443): Failed to resolve 'luciferdonghua.in' ([Errno -3] Temporary failure in name resolution)"))
Traceback (most recent call last):
  File "/usr/lib/python3.14/site-packages/urllib3/connection.py", line 204, in _new_conn
    sock = connection.create_connection(
        (self._dns_host, self.port),
    ...<2 lines>...
        socket_options=self.socket_options,
    )
  File "/usr/lib/python3.14/site-packages/urllib3/util/connection.py", line 60, in create_connection
    for res in socket.getaddrinfo(host, port, family, socket.SOCK_STREAM):
               ~~~~~~~~~~~~~~~~~~^^^^^^^^^^^^^^^^^^^^^^^^^^^^^^^^^^^^^^^^
  File "/usr/lib/python3.14/socket.py", line 987, in getaddrinfo
    for res in _socket.getaddrinfo(host, port, family, type, proto, flags):
               ~~~~~~~~~~~~~~~~~~~^^^^^^^^^^^^^^^^^^^^^^^^^^^^^^^^^^^^^^^^
socket.gaierror: [Errno -3] Temporary failure in name resolution

The above exception was the direct cause of the following exception:

Traceback (most recent call last):
  File "/usr/lib/python3.14/site-packages/urllib3/connectionpool.py", line 788, in urlopen
    response = self._make_request(
        conn,
    ...<10 lines>...
        **response_kw,
    )
  File "/usr/lib/python3.14/site-packages/urllib3/connectionpool.py", line 488, in _make_request
    raise new_e
  File "/usr/lib/python3.14/site-packages/urllib3/connectionpool.py", line 464, in _make_request
    self._validate_conn(conn)
    ~~~~~~~~~~~~~~~~~~~^^^^^^
  File "/usr/lib/python3.14/site-packages/urllib3/connectionpool.py", line 1106, in _validate_conn
    conn.connect()
    ~~~~~~~~~~~~^^
  File "/usr/lib/python3.14/site-packages/urllib3/connection.py", line 759, in connect
    self.sock = sock = self._new_conn()
                       ~~~~~~~~~~~~~~^^
  File "/usr/lib/python3.14/site-packages/urllib3/connection.py", line 211, in _new_conn
    raise NameResolutionError(self.host, self, e) from e
urllib3.exceptions.NameResolutionError: HTTPSConnection(host='luciferdonghua.in', port=443): Failed to resolve 'luciferdonghua.in' ([Errno -3] Temporary failure in name resolution)

The above exception was the direct cause of the following exception:

Traceback (most recent call last):
  File "/usr/lib/python3.14/site-packages/requests/adapters.py", line 696, in send
    resp = conn.urlopen(
        method=request.method,
    ...<9 lines>...
        chunked=chunked,
    )
  File "/usr/lib/python3.14/site-packages/urllib3/connectionpool.py", line 842, in urlopen
    retries = retries.increment(
        method, url, error=new_e, _pool=self, _stacktrace=sys.exc_info()[2]
    )
  File "/usr/lib/python3.14/site-packages/urllib3/util/retry.py", line 543, in increment
    raise MaxRetryError(_pool, url, reason) from reason  # type: ignore[arg-type]
    ^^^^^^^^^^^^^^^^^^^^^^^^^^^^^^^^^^^^^^^^^^^^^^^^^^^
urllib3.exceptions.MaxRetryError: HTTPSConnectionPool(host='luciferdonghua.in', port=443): Max retries exceeded with url: /anime/the-great-ruler-season-2/ (Caused by NameResolutionError("HTTPSConnection(host='luciferdonghua.in', port=443): Failed to resolve 'luciferdonghua.in' ([Errno -3] Temporary failure in name resolution)"))

During handling of the above exception, another exception occurred:

Traceback (most recent call last):
  File "/home/zain/Scripts/anime-downloader/scraper/luciferdonghua.py", line 128, in _scrape_episode_links
    resp = requests.get(page_url, headers=HEADERS, timeout=TIMEOUT)
  File "/usr/lib/python3.14/site-packages/requests/api.py", line 87, in get
    return request("get", url, params=params, **kwargs)
  File "/usr/lib/python3.14/site-packages/requests/api.py", line 71, in request
    return session.request(method=method, url=url, **kwargs)
           ~~~~~~~~~~~~~~~^^^^^^^^^^^^^^^^^^^^^^^^^^^^^^^^^^
  File "/usr/lib/python3.14/site-packages/requests/sessions.py", line 651, in request
    resp = self.send(prep, **send_kwargs)
  File "/usr/lib/python3.14/site-packages/requests/sessions.py", line 784, in send
    r = adapter.send(request, **kwargs)
  File "/usr/lib/python3.14/site-packages/requests/adapters.py", line 729, in send
    raise ConnectionError(e, request=request)
requests.exceptions.ConnectionError: HTTPSConnectionPool(host='luciferdonghua.in', port=443): Max retries exceeded with url: /anime/the-great-ruler-season-2/ (Caused by NameResolutionError("HTTPSConnection(host='luciferdonghua.in', port=443): Failed to resolve 'luciferdonghua.in' ([Errno -3] Temporary failure in name resolution)"))
2026-07-28 18:41:45,733 - scraper.luciferdonghua - WARNING - No episode links found for The Great Ruler
2026-07-28 18:41:45,734 - __main__ - WARNING - No episodes found for The Great Ruler
2026-07-28 18:41:45,734 - __main__ - INFO - Processing appotheosis
2026-07-28 18:41:45,748 - scraper.luciferdonghua - WARNING - Could not find main page for appotheosis
2026-07-28 18:41:45,749 - __main__ - WARNING - No episodes found for appotheosis
2026-07-28 18:41:45,749 - __main__ - INFO - Processing Shrouding The Heavens
2026-07-28 18:41:45,754 - scraper.luciferdonghua - ERROR - Failed to scrape episode links from https://luciferdonghua.in/anime/shrouding-the-heavens/: HTTPSConnectionPool(host='luciferdonghua.in', port=443): Max retries exceeded with url: /anime/shrouding-the-heavens/ (Caused by NameResolutionError("HTTPSConnection(host='luciferdonghua.in', port=443): Failed to resolve 'luciferdonghua.in' ([Errno -3] Temporary failure in name resolution)"))
Traceback (most recent call last):
  File "/usr/lib/python3.14/site-packages/urllib3/connection.py", line 204, in _new_conn
    sock = connection.create_connection(
        (self._dns_host, self.port),
    ...<2 lines>...
        socket_options=self.socket_options,
    )
  File "/usr/lib/python3.14/site-packages/urllib3/util/connection.py", line 60, in create_connection
    for res in socket.getaddrinfo(host, port, family, socket.SOCK_STREAM):
               ~~~~~~~~~~~~~~~~~~^^^^^^^^^^^^^^^^^^^^^^^^^^^^^^^^^^^^^^^^
  File "/usr/lib/python3.14/socket.py", line 987, in getaddrinfo
    for res in _socket.getaddrinfo(host, port, family, type, proto, flags):
               ~~~~~~~~~~~~~~~~~~~^^^^^^^^^^^^^^^^^^^^^^^^^^^^^^^^^^^^^^^^
socket.gaierror: [Errno -3] Temporary failure in name resolution

The above exception was the direct cause of the following exception:

Traceback (most recent call last):
  File "/usr/lib/python3.14/site-packages/urllib3/connectionpool.py", line 788, in urlopen
    response = self._make_request(
        conn,
    ...<10 lines>...
        **response_kw,
    )
  File "/usr/lib/python3.14/site-packages/urllib3/connectionpool.py", line 488, in _make_request
    raise new_e
  File "/usr/lib/python3.14/site-packages/urllib3/connectionpool.py", line 464, in _make_request
    self._validate_conn(conn)
    ~~~~~~~~~~~~~~~~~~~^^^^^^
  File "/usr/lib/python3.14/site-packages/urllib3/connectionpool.py", line 1106, in _validate_conn
    conn.connect()
    ~~~~~~~~~~~~^^
  File "/usr/lib/python3.14/site-packages/urllib3/connection.py", line 759, in connect
    self.sock = sock = self._new_conn()
                       ~~~~~~~~~~~~~~^^
  File "/usr/lib/python3.14/site-packages/urllib3/connection.py", line 211, in _new_conn
    raise NameResolutionError(self.host, self, e) from e
urllib3.exceptions.NameResolutionError: HTTPSConnection(host='luciferdonghua.in', port=443): Failed to resolve 'luciferdonghua.in' ([Errno -3] Temporary failure in name resolution)

The above exception was the direct cause of the following exception:

Traceback (most recent call last):
  File "/usr/lib/python3.14/site-packages/requests/adapters.py", line 696, in send
    resp = conn.urlopen(
        method=request.method,
    ...<9 lines>...
        chunked=chunked,
    )
  File "/usr/lib/python3.14/site-packages/urllib3/connectionpool.py", line 842, in urlopen
    retries = retries.increment(
        method, url, error=new_e, _pool=self, _stacktrace=sys.exc_info()[2]
    )
  File "/usr/lib/python3.14/site-packages/urllib3/util/retry.py", line 543, in increment
    raise MaxRetryError(_pool, url, reason) from reason  # type: ignore[arg-type]
    ^^^^^^^^^^^^^^^^^^^^^^^^^^^^^^^^^^^^^^^^^^^^^^^^^^^
urllib3.exceptions.MaxRetryError: HTTPSConnectionPool(host='luciferdonghua.in', port=443): Max retries exceeded with url: /anime/shrouding-the-heavens/ (Caused by NameResolutionError("HTTPSConnection(host='luciferdonghua.in', port=443): Failed to resolve 'luciferdonghua.in' ([Errno -3] Temporary failure in name resolution)"))

During handling of the above exception, another exception occurred:

Traceback (most recent call last):
  File "/home/zain/Scripts/anime-downloader/scraper/luciferdonghua.py", line 128, in _scrape_episode_links
    resp = requests.get(page_url, headers=HEADERS, timeout=TIMEOUT)
  File "/usr/lib/python3.14/site-packages/requests/api.py", line 87, in get
    return request("get", url, params=params, **kwargs)
  File "/usr/lib/python3.14/site-packages/requests/api.py", line 71, in request
    return session.request(method=method, url=url, **kwargs)
           ~~~~~~~~~~~~~~~^^^^^^^^^^^^^^^^^^^^^^^^^^^^^^^^^^
  File "/usr/lib/python3.14/site-packages/requests/sessions.py", line 651, in request
    resp = self.send(prep, **send_kwargs)
  File "/usr/lib/python3.14/site-packages/requests/sessions.py", line 784, in send
    r = adapter.send(request, **kwargs)
  File "/usr/lib/python3.14/site-packages/requests/adapters.py", line 729, in send
    raise ConnectionError(e, request=request)
requests.exceptions.ConnectionError: HTTPSConnectionPool(host='luciferdonghua.in', port=443): Max retries exceeded with url: /anime/shrouding-the-heavens/ (Caused by NameResolutionError("HTTPSConnection(host='luciferdonghua.in', port=443): Failed to resolve 'luciferdonghua.in' ([Errno -3] Temporary failure in name resolution)"))
2026-07-28 18:41:45,769 - scraper.luciferdonghua - WARNING - No episode links found for Shrouding The Heavens
2026-07-28 18:41:45,769 - __main__ - WARNING - No episodes found for Shrouding The Heavens
2026-07-28 18:41:45,770 - __main__ - INFO - Processing btth
2026-07-28 18:41:45,786 - scraper.luciferdonghua - WARNING - Could not find main page for btth
2026-07-28 18:41:45,787 - __main__ - WARNING - No episodes found for btth
2026-07-28 18:41:45,787 - __main__ - INFO - Processing perfect world
2026-07-28 18:41:45,792 - scraper.luciferdonghua - ERROR - Failed to scrape episode links from https://luciferdonghua.in/anime/perfect-world-new/: HTTPSConnectionPool(host='luciferdonghua.in', port=443): Max retries exceeded with url: /anime/perfect-world-new/ (Caused by NameResolutionError("HTTPSConnection(host='luciferdonghua.in', port=443): Failed to resolve 'luciferdonghua.in' ([Errno -3] Temporary failure in name resolution)"))
Traceback (most recent call last):
  File "/usr/lib/python3.14/site-packages/urllib3/connection.py", line 204, in _new_conn
    sock = connection.create_connection(
        (self._dns_host, self.port),
    ...<2 lines>...
        socket_options=self.socket_options,
    )
  File "/usr/lib/python3.14/site-packages/urllib3/util/connection.py", line 60, in create_connection
    for res in socket.getaddrinfo(host, port, family, socket.SOCK_STREAM):
               ~~~~~~~~~~~~~~~~~~^^^^^^^^^^^^^^^^^^^^^^^^^^^^^^^^^^^^^^^^
  File "/usr/lib/python3.14/socket.py", line 987, in getaddrinfo
    for res in _socket.getaddrinfo(host, port, family, type, proto, flags):
               ~~~~~~~~~~~~~~~~~~~^^^^^^^^^^^^^^^^^^^^^^^^^^^^^^^^^^^^^^^^
socket.gaierror: [Errno -3] Temporary failure in name resolution

The above exception was the direct cause of the following exception:

Traceback (most recent call last):
  File "/usr/lib/python3.14/site-packages/urllib3/connectionpool.py", line 788, in urlopen
    response = self._make_request(
        conn,
    ...<10 lines>...
        **response_kw,
    )
  File "/usr/lib/python3.14/site-packages/urllib3/connectionpool.py", line 488, in _make_request
    raise new_e
  File "/usr/lib/python3.14/site-packages/urllib3/connectionpool.py", line 464, in _make_request
    self._validate_conn(conn)
    ~~~~~~~~~~~~~~~~~~~^^^^^^
  File "/usr/lib/python3.14/site-packages/urllib3/connectionpool.py", line 1106, in _validate_conn
    conn.connect()
    ~~~~~~~~~~~~^^
  File "/usr/lib/python3.14/site-packages/urllib3/connection.py", line 759, in connect
    self.sock = sock = self._new_conn()
                       ~~~~~~~~~~~~~~^^
  File "/usr/lib/python3.14/site-packages/urllib3/connection.py", line 211, in _new_conn
    raise NameResolutionError(self.host, self, e) from e
urllib3.exceptions.NameResolutionError: HTTPSConnection(host='luciferdonghua.in', port=443): Failed to resolve 'luciferdonghua.in' ([Errno -3] Temporary failure in name resolution)

The above exception was the direct cause of the following exception:

Traceback (most recent call last):
  File "/usr/lib/python3.14/site-packages/requests/adapters.py", line 696, in send
    resp = conn.urlopen(
        method=request.method,
    ...<9 lines>...
        chunked=chunked,
    )
  File "/usr/lib/python3.14/site-packages/urllib3/connectionpool.py", line 842, in urlopen
    retries = retries.increment(
        method, url, error=new_e, _pool=self, _stacktrace=sys.exc_info()[2]
    )
  File "/usr/lib/python3.14/site-packages/urllib3/util/retry.py", line 543, in increment
    raise MaxRetryError(_pool, url, reason) from reason  # type: ignore[arg-type]
    ^^^^^^^^^^^^^^^^^^^^^^^^^^^^^^^^^^^^^^^^^^^^^^^^^^^
urllib3.exceptions.MaxRetryError: HTTPSConnectionPool(host='luciferdonghua.in', port=443): Max retries exceeded with url: /anime/perfect-world-new/ (Caused by NameResolutionError("HTTPSConnection(host='luciferdonghua.in', port=443): Failed to resolve 'luciferdonghua.in' ([Errno -3] Temporary failure in name resolution)"))

During handling of the above exception, another exception occurred:

Traceback (most recent call last):
  File "/home/zain/Scripts/anime-downloader/scraper/luciferdonghua.py", line 128, in _scrape_episode_links
    resp = requests.get(page_url, headers=HEADERS, timeout=TIMEOUT)
  File "/usr/lib/python3.14/site-packages/requests/api.py", line 87, in get
    return request("get", url, params=params, **kwargs)
  File "/usr/lib/python3.14/site-packages/requests/api.py", line 71, in request
    return session.request(method=method, url=url, **kwargs)
           ~~~~~~~~~~~~~~~^^^^^^^^^^^^^^^^^^^^^^^^^^^^^^^^^^
  File "/usr/lib/python3.14/site-packages/requests/sessions.py", line 651, in request
    resp = self.send(prep, **send_kwargs)
  File "/usr/lib/python3.14/site-packages/requests/sessions.py", line 784, in send
    r = adapter.send(request, **kwargs)
  File "/usr/lib/python3.14/site-packages/requests/adapters.py", line 729, in send
    raise ConnectionError(e, request=request)
requests.exceptions.ConnectionError: HTTPSConnectionPool(host='luciferdonghua.in', port=443): Max retries exceeded with url: /anime/perfect-world-new/ (Caused by NameResolutionError("HTTPSConnection(host='luciferdonghua.in', port=443): Failed to resolve 'luciferdonghua.in' ([Errno -3] Temporary failure in name resolution)"))
2026-07-28 18:41:45,806 - scraper.luciferdonghua - WARNING - No episode links found for perfect world
2026-07-28 18:41:45,806 - __main__ - WARNING - No episodes found for perfect world
2026-07-28 18:41:45,806 - __main__ - INFO - Processing renegade immortal
2026-07-28 18:41:45,811 - scraper.luciferdonghua - ERROR - Failed to scrape episode links from https://luciferdonghua.in/anime/renegade-immortal-xian-ni/: HTTPSConnectionPool(host='luciferdonghua.in', port=443): Max retries exceeded with url: /anime/renegade-immortal-xian-ni/ (Caused by NameResolutionError("HTTPSConnection(host='luciferdonghua.in', port=443): Failed to resolve 'luciferdonghua.in' ([Errno -3] Temporary failure in name resolution)"))
Traceback (most recent call last):
  File "/usr/lib/python3.14/site-packages/urllib3/connection.py", line 204, in _new_conn
    sock = connection.create_connection(
        (self._dns_host, self.port),
    ...<2 lines>...
        socket_options=self.socket_options,
    )
  File "/usr/lib/python3.14/site-packages/urllib3/util/connection.py", line 60, in create_connection
    for res in socket.getaddrinfo(host, port, family, socket.SOCK_STREAM):
               ~~~~~~~~~~~~~~~~~~^^^^^^^^^^^^^^^^^^^^^^^^^^^^^^^^^^^^^^^^
  File "/usr/lib/python3.14/socket.py", line 987, in getaddrinfo
    for res in _socket.getaddrinfo(host, port, family, type, proto, flags):
               ~~~~~~~~~~~~~~~~~~~^^^^^^^^^^^^^^^^^^^^^^^^^^^^^^^^^^^^^^^^
socket.gaierror: [Errno -3] Temporary failure in name resolution

The above exception was the direct cause of the following exception:

Traceback (most recent call last):
  File "/usr/lib/python3.14/site-packages/urllib3/connectionpool.py", line 788, in urlopen
    response = self._make_request(
        conn,
    ...<10 lines>...
        **response_kw,
    )
  File "/usr/lib/python3.14/site-packages/urllib3/connectionpool.py", line 488, in _make_request
    raise new_e
  File "/usr/lib/python3.14/site-packages/urllib3/connectionpool.py", line 464, in _make_request
    self._validate_conn(conn)
    ~~~~~~~~~~~~~~~~~~~^^^^^^
  File "/usr/lib/python3.14/site-packages/urllib3/connectionpool.py", line 1106, in _validate_conn
    conn.connect()
    ~~~~~~~~~~~~^^
  File "/usr/lib/python3.14/site-packages/urllib3/connection.py", line 759, in connect
    self.sock = sock = self._new_conn()
                       ~~~~~~~~~~~~~~^^
  File "/usr/lib/python3.14/site-packages/urllib3/connection.py", line 211, in _new_conn
    raise NameResolutionError(self.host, self, e) from e
urllib3.exceptions.NameResolutionError: HTTPSConnection(host='luciferdonghua.in', port=443): Failed to resolve 'luciferdonghua.in' ([Errno -3] Temporary failure in name resolution)

The above exception was the direct cause of the following exception:

Traceback (most recent call last):
  File "/usr/lib/python3.14/site-packages/requests/adapters.py", line 696, in send
    resp = conn.urlopen(
        method=request.method,
    ...<9 lines>...
        chunked=chunked,
    )
  File "/usr/lib/python3.14/site-packages/urllib3/connectionpool.py", line 842, in urlopen
    retries = retries.increment(
        method, url, error=new_e, _pool=self, _stacktrace=sys.exc_info()[2]
    )
  File "/usr/lib/python3.14/site-packages/urllib3/util/retry.py", line 543, in increment
    raise MaxRetryError(_pool, url, reason) from reason  # type: ignore[arg-type]
    ^^^^^^^^^^^^^^^^^^^^^^^^^^^^^^^^^^^^^^^^^^^^^^^^^^^
urllib3.exceptions.MaxRetryError: HTTPSConnectionPool(host='luciferdonghua.in', port=443): Max retries exceeded with url: /anime/renegade-immortal-xian-ni/ (Caused by NameResolutionError("HTTPSConnection(host='luciferdonghua.in', port=443): Failed to resolve 'luciferdonghua.in' ([Errno -3] Temporary failure in name resolution)"))

During handling of the above exception, another exception occurred:

Traceback (most recent call last):
  File "/home/zain/Scripts/anime-downloader/scraper/luciferdonghua.py", line 128, in _scrape_episode_links
    resp = requests.get(page_url, headers=HEADERS, timeout=TIMEOUT)
  File "/usr/lib/python3.14/site-packages/requests/api.py", line 87, in get
    return request("get", url, params=params, **kwargs)
  File "/usr/lib/python3.14/site-packages/requests/api.py", line 71, in request
    return session.request(method=method, url=url, **kwargs)
           ~~~~~~~~~~~~~~~^^^^^^^^^^^^^^^^^^^^^^^^^^^^^^^^^^
  File "/usr/lib/python3.14/site-packages/requests/sessions.py", line 651, in request
    resp = self.send(prep, **send_kwargs)
  File "/usr/lib/python3.14/site-packages/requests/sessions.py", line 784, in send
    r = adapter.send(request, **kwargs)
  File "/usr/lib/python3.14/site-packages/requests/adapters.py", line 729, in send
    raise ConnectionError(e, request=request)
requests.exceptions.ConnectionError: HTTPSConnectionPool(host='luciferdonghua.in', port=443): Max retries exceeded with url: /anime/renegade-immortal-xian-ni/ (Caused by NameResolutionError("HTTPSConnection(host='luciferdonghua.in', port=443): Failed to resolve 'luciferdonghua.in' ([Errno -3] Temporary failure in name resolution)"))
2026-07-28 18:41:45,828 - scraper.luciferdonghua - WARNING - No episode links found for renegade immortal
2026-07-28 18:41:45,828 - __main__ - WARNING - No episodes found for renegade immortal
2026-07-28 18:41:45,828 - __main__ - INFO - Processing soul land 2
2026-07-28 18:41:45,833 - scraper.luciferdonghua - ERROR - Failed to scrape episode links from https://luciferdonghua.in/anime/soul-land-2-the-peerless-tang-sect-new-2023/: HTTPSConnectionPool(host='luciferdonghua.in', port=443): Max retries exceeded with url: /anime/soul-land-2-the-peerless-tang-sect-new-2023/ (Caused by NameResolutionError("HTTPSConnection(host='luciferdonghua.in', port=443): Failed to resolve 'luciferdonghua.in' ([Errno -3] Temporary failure in name resolution)"))
Traceback (most recent call last):
  File "/usr/lib/python3.14/site-packages/urllib3/connection.py", line 204, in _new_conn
    sock = connection.create_connection(
        (self._dns_host, self.port),
    ...<2 lines>...
        socket_options=self.socket_options,
    )
  File "/usr/lib/python3.14/site-packages/urllib3/util/connection.py", line 60, in create_connection
    for res in socket.getaddrinfo(host, port, family, socket.SOCK_STREAM):
               ~~~~~~~~~~~~~~~~~~^^^^^^^^^^^^^^^^^^^^^^^^^^^^^^^^^^^^^^^^
  File "/usr/lib/python3.14/socket.py", line 987, in getaddrinfo
    for res in _socket.getaddrinfo(host, port, family, type, proto, flags):
               ~~~~~~~~~~~~~~~~~~~^^^^^^^^^^^^^^^^^^^^^^^^^^^^^^^^^^^^^^^^
socket.gaierror: [Errno -3] Temporary failure in name resolution

The above exception was the direct cause of the following exception:

Traceback (most recent call last):
  File "/usr/lib/python3.14/site-packages/urllib3/connectionpool.py", line 788, in urlopen
    response = self._make_request(
        conn,
    ...<10 lines>...
        **response_kw,
    )
  File "/usr/lib/python3.14/site-packages/urllib3/connectionpool.py", line 488, in _make_request
    raise new_e
  File "/usr/lib/python3.14/site-packages/urllib3/connectionpool.py", line 464, in _make_request
    self._validate_conn(conn)
    ~~~~~~~~~~~~~~~~~~~^^^^^^
  File "/usr/lib/python3.14/site-packages/urllib3/connectionpool.py", line 1106, in _validate_conn
    conn.connect()
    ~~~~~~~~~~~~^^
  File "/usr/lib/python3.14/site-packages/urllib3/connection.py", line 759, in connect
    self.sock = sock = self._new_conn()
                       ~~~~~~~~~~~~~~^^
  File "/usr/lib/python3.14/site-packages/urllib3/connection.py", line 211, in _new_conn
    raise NameResolutionError(self.host, self, e) from e
urllib3.exceptions.NameResolutionError: HTTPSConnection(host='luciferdonghua.in', port=443): Failed to resolve 'luciferdonghua.in' ([Errno -3] Temporary failure in name resolution)

The above exception was the direct cause of the following exception:

Traceback (most recent call last):
  File "/usr/lib/python3.14/site-packages/requests/adapters.py", line 696, in send
    resp = conn.urlopen(
        method=request.method,
    ...<9 lines>...
        chunked=chunked,
    )
  File "/usr/lib/python3.14/site-packages/urllib3/connectionpool.py", line 842, in urlopen
    retries = retries.increment(
        method, url, error=new_e, _pool=self, _stacktrace=sys.exc_info()[2]
    )
  File "/usr/lib/python3.14/site-packages/urllib3/util/retry.py", line 543, in increment
    raise MaxRetryError(_pool, url, reason) from reason  # type: ignore[arg-type]
    ^^^^^^^^^^^^^^^^^^^^^^^^^^^^^^^^^^^^^^^^^^^^^^^^^^^
urllib3.exceptions.MaxRetryError: HTTPSConnectionPool(host='luciferdonghua.in', port=443): Max retries exceeded with url: /anime/soul-land-2-the-peerless-tang-sect-new-2023/ (Caused by NameResolutionError("HTTPSConnection(host='luciferdonghua.in', port=443): Failed to resolve 'luciferdonghua.in' ([Errno -3] Temporary failure in name resolution)"))

During handling of the above exception, another exception occurred:

Traceback (most recent call last):
  File "/home/zain/Scripts/anime-downloader/scraper/luciferdonghua.py", line 128, in _scrape_episode_links
    resp = requests.get(page_url, headers=HEADERS, timeout=TIMEOUT)
  File "/usr/lib/python3.14/site-packages/requests/api.py", line 87, in get
    return request("get", url, params=params, **kwargs)
  File "/usr/lib/python3.14/site-packages/requests/api.py", line 71, in request
    return session.request(method=method, url=url, **kwargs)
           ~~~~~~~~~~~~~~~^^^^^^^^^^^^^^^^^^^^^^^^^^^^^^^^^^
  File "/usr/lib/python3.14/site-packages/requests/sessions.py", line 651, in request
    resp = self.send(prep, **send_kwargs)
  File "/usr/lib/python3.14/site-packages/requests/sessions.py", line 784, in send
    r = adapter.send(request, **kwargs)
  File "/usr/lib/python3.14/site-packages/requests/adapters.py", line 729, in send
    raise ConnectionError(e, request=request)
requests.exceptions.ConnectionError: HTTPSConnectionPool(host='luciferdonghua.in', port=443): Max retries exceeded with url: /anime/soul-land-2-the-peerless-tang-sect-new-2023/ (Caused by NameResolutionError("HTTPSConnection(host='luciferdonghua.in', port=443): Failed to resolve 'luciferdonghua.in' ([Errno -3] Temporary failure in name resolution)"))
2026-07-28 18:41:45,851 - scraper.luciferdonghua - WARNING - No episode links found for soul land 2
2026-07-28 18:41:45,851 - __main__ - WARNING - No episodes found for soul land 2
2026-07-28 18:41:45,851 - __main__ - INFO - Processing swallowed star
2026-07-28 18:41:45,855 - scraper.luciferdonghua - ERROR - Failed to scrape episode links from https://luciferdonghua.in/anime/swallowed-star-season-4-new/: HTTPSConnectionPool(host='luciferdonghua.in', port=443): Max retries exceeded with url: /anime/swallowed-star-season-4-new/ (Caused by NameResolutionError("HTTPSConnection(host='luciferdonghua.in', port=443): Failed to resolve 'luciferdonghua.in' ([Errno -3] Temporary failure in name resolution)"))
Traceback (most recent call last):
  File "/usr/lib/python3.14/site-packages/urllib3/connection.py", line 204, in _new_conn
    sock = connection.create_connection(
        (self._dns_host, self.port),
    ...<2 lines>...
        socket_options=self.socket_options,
    )
  File "/usr/lib/python3.14/site-packages/urllib3/util/connection.py", line 60, in create_connection
    for res in socket.getaddrinfo(host, port, family, socket.SOCK_STREAM):
               ~~~~~~~~~~~~~~~~~~^^^^^^^^^^^^^^^^^^^^^^^^^^^^^^^^^^^^^^^^
  File "/usr/lib/python3.14/socket.py", line 987, in getaddrinfo
    for res in _socket.getaddrinfo(host, port, family, type, proto, flags):
               ~~~~~~~~~~~~~~~~~~~^^^^^^^^^^^^^^^^^^^^^^^^^^^^^^^^^^^^^^^^
socket.gaierror: [Errno -3] Temporary failure in name resolution

The above exception was the direct cause of the following exception:

Traceback (most recent call last):
  File "/usr/lib/python3.14/site-packages/urllib3/connectionpool.py", line 788, in urlopen
    response = self._make_request(
        conn,
    ...<10 lines>...
        **response_kw,
    )
  File "/usr/lib/python3.14/site-packages/urllib3/connectionpool.py", line 488, in _make_request
    raise new_e
  File "/usr/lib/python3.14/site-packages/urllib3/connectionpool.py", line 464, in _make_request
    self._validate_conn(conn)
    ~~~~~~~~~~~~~~~~~~~^^^^^^
  File "/usr/lib/python3.14/site-packages/urllib3/connectionpool.py", line 1106, in _validate_conn
    conn.connect()
    ~~~~~~~~~~~~^^
  File "/usr/lib/python3.14/site-packages/urllib3/connection.py", line 759, in connect
    self.sock = sock = self._new_conn()
                       ~~~~~~~~~~~~~~^^
  File "/usr/lib/python3.14/site-packages/urllib3/connection.py", line 211, in _new_conn
    raise NameResolutionError(self.host, self, e) from e
urllib3.exceptions.NameResolutionError: HTTPSConnection(host='luciferdonghua.in', port=443): Failed to resolve 'luciferdonghua.in' ([Errno -3] Temporary failure in name resolution)

The above exception was the direct cause of the following exception:

Traceback (most recent call last):
  File "/usr/lib/python3.14/site-packages/requests/adapters.py", line 696, in send
    resp = conn.urlopen(
        method=request.method,
    ...<9 lines>...
        chunked=chunked,
    )
  File "/usr/lib/python3.14/site-packages/urllib3/connectionpool.py", line 842, in urlopen
    retries = retries.increment(
        method, url, error=new_e, _pool=self, _stacktrace=sys.exc_info()[2]
    )
  File "/usr/lib/python3.14/site-packages/urllib3/util/retry.py", line 543, in increment
    raise MaxRetryError(_pool, url, reason) from reason  # type: ignore[arg-type]
    ^^^^^^^^^^^^^^^^^^^^^^^^^^^^^^^^^^^^^^^^^^^^^^^^^^^
urllib3.exceptions.MaxRetryError: HTTPSConnectionPool(host='luciferdonghua.in', port=443): Max retries exceeded with url: /anime/swallowed-star-season-4-new/ (Caused by NameResolutionError("HTTPSConnection(host='luciferdonghua.in', port=443): Failed to resolve 'luciferdonghua.in' ([Errno -3] Temporary failure in name resolution)"))

During handling of the above exception, another exception occurred:

Traceback (most recent call last):
  File "/home/zain/Scripts/anime-downloader/scraper/luciferdonghua.py", line 128, in _scrape_episode_links
    resp = requests.get(page_url, headers=HEADERS, timeout=TIMEOUT)
  File "/usr/lib/python3.14/site-packages/requests/api.py", line 87, in get
    return request("get", url, params=params, **kwargs)
  File "/usr/lib/python3.14/site-packages/requests/api.py", line 71, in request
    return session.request(method=method, url=url, **kwargs)
           ~~~~~~~~~~~~~~~^^^^^^^^^^^^^^^^^^^^^^^^^^^^^^^^^^
  File "/usr/lib/python3.14/site-packages/requests/sessions.py", line 651, in request
    resp = self.send(prep, **send_kwargs)
  File "/usr/lib/python3.14/site-packages/requests/sessions.py", line 784, in send
    r = adapter.send(request, **kwargs)
  File "/usr/lib/python3.14/site-packages/requests/adapters.py", line 729, in send
    raise ConnectionError(e, request=request)
requests.exceptions.ConnectionError: HTTPSConnectionPool(host='luciferdonghua.in', port=443): Max retries exceeded with url: /anime/swallowed-star-season-4-new/ (Caused by NameResolutionError("HTTPSConnection(host='luciferdonghua.in', port=443): Failed to resolve 'luciferdonghua.in' ([Errno -3] Temporary failure in name resolution)"))
2026-07-28 18:41:45,872 - scraper.luciferdonghua - WARNING - No episode links found for swallowed star
2026-07-28 18:41:45,873 - __main__ - WARNING - No episodes found for swallowed star
2026-07-28 18:41:45,873 - __main__ - INFO - Processing Tomb of Fallen Gods
2026-07-28 18:41:45,882 - scraper.luciferdonghua - ERROR - Failed to scrape episode links from https://luciferdonghua.in/anime/tomb-of-fallen-gods-season-3-2025/: HTTPSConnectionPool(host='luciferdonghua.in', port=443): Max retries exceeded with url: /anime/tomb-of-fallen-gods-season-3-2025/ (Caused by NameResolutionError("HTTPSConnection(host='luciferdonghua.in', port=443): Failed to resolve 'luciferdonghua.in' ([Errno -3] Temporary failure in name resolution)"))
Traceback (most recent call last):
  File "/usr/lib/python3.14/site-packages/urllib3/connection.py", line 204, in _new_conn
    sock = connection.create_connection(
        (self._dns_host, self.port),
    ...<2 lines>...
        socket_options=self.socket_options,
    )
  File "/usr/lib/python3.14/site-packages/urllib3/util/connection.py", line 60, in create_connection
    for res in socket.getaddrinfo(host, port, family, socket.SOCK_STREAM):
               ~~~~~~~~~~~~~~~~~~^^^^^^^^^^^^^^^^^^^^^^^^^^^^^^^^^^^^^^^^
  File "/usr/lib/python3.14/socket.py", line 987, in getaddrinfo
    for res in _socket.getaddrinfo(host, port, family, type, proto, flags):
               ~~~~~~~~~~~~~~~~~~~^^^^^^^^^^^^^^^^^^^^^^^^^^^^^^^^^^^^^^^^
socket.gaierror: [Errno -3] Temporary failure in name resolution

The above exception was the direct cause of the following exception:

Traceback (most recent call last):
  File "/usr/lib/python3.14/site-packages/urllib3/connectionpool.py", line 788, in urlopen
    response = self._make_request(
        conn,
    ...<10 lines>...
        **response_kw,
    )
  File "/usr/lib/python3.14/site-packages/urllib3/connectionpool.py", line 488, in _make_request
    raise new_e
  File "/usr/lib/python3.14/site-packages/urllib3/connectionpool.py", line 464, in _make_request
    self._validate_conn(conn)
    ~~~~~~~~~~~~~~~~~~~^^^^^^
  File "/usr/lib/python3.14/site-packages/urllib3/connectionpool.py", line 1106, in _validate_conn
    conn.connect()
    ~~~~~~~~~~~~^^
  File "/usr/lib/python3.14/site-packages/urllib3/connection.py", line 759, in connect
    self.sock = sock = self._new_conn()
                       ~~~~~~~~~~~~~~^^
  File "/usr/lib/python3.14/site-packages/urllib3/connection.py", line 211, in _new_conn
    raise NameResolutionError(self.host, self, e) from e
urllib3.exceptions.NameResolutionError: HTTPSConnection(host='luciferdonghua.in', port=443): Failed to resolve 'luciferdonghua.in' ([Errno -3] Temporary failure in name resolution)

The above exception was the direct cause of the following exception:

Traceback (most recent call last):
  File "/usr/lib/python3.14/site-packages/requests/adapters.py", line 696, in send
    resp = conn.urlopen(
        method=request.method,
    ...<9 lines>...
        chunked=chunked,
    )
  File "/usr/lib/python3.14/site-packages/urllib3/connectionpool.py", line 842, in urlopen
    retries = retries.increment(
        method, url, error=new_e, _pool=self, _stacktrace=sys.exc_info()[2]
    )
  File "/usr/lib/python3.14/site-packages/urllib3/util/retry.py", line 543, in increment
    raise MaxRetryError(_pool, url, reason) from reason  # type: ignore[arg-type]
    ^^^^^^^^^^^^^^^^^^^^^^^^^^^^^^^^^^^^^^^^^^^^^^^^^^^
urllib3.exceptions.MaxRetryError: HTTPSConnectionPool(host='luciferdonghua.in', port=443): Max retries exceeded with url: /anime/tomb-of-fallen-gods-season-3-2025/ (Caused by NameResolutionError("HTTPSConnection(host='luciferdonghua.in', port=443): Failed to resolve 'luciferdonghua.in' ([Errno -3] Temporary failure in name resolution)"))

During handling of the above exception, another exception occurred:

Traceback (most recent call last):
  File "/home/zain/Scripts/anime-downloader/scraper/luciferdonghua.py", line 128, in _scrape_episode_links
    resp = requests.get(page_url, headers=HEADERS, timeout=TIMEOUT)
  File "/usr/lib/python3.14/site-packages/requests/api.py", line 87, in get
    return request("get", url, params=params, **kwargs)
  File "/usr/lib/python3.14/site-packages/requests/api.py", line 71, in request
    return session.request(method=method, url=url, **kwargs)
           ~~~~~~~~~~~~~~~^^^^^^^^^^^^^^^^^^^^^^^^^^^^^^^^^^
  File "/usr/lib/python3.14/site-packages/requests/sessions.py", line 651, in request
    resp = self.send(prep, **send_kwargs)
  File "/usr/lib/python3.14/site-packages/requests/sessions.py", line 784, in send
    r = adapter.send(request, **kwargs)
  File "/usr/lib/python3.14/site-packages/requests/adapters.py", line 729, in send
    raise ConnectionError(e, request=request)
requests.exceptions.ConnectionError: HTTPSConnectionPool(host='luciferdonghua.in', port=443): Max retries exceeded with url: /anime/tomb-of-fallen-gods-season-3-2025/ (Caused by NameResolutionError("HTTPSConnection(host='luciferdonghua.in', port=443): Failed to resolve 'luciferdonghua.in' ([Errno -3] Temporary failure in name resolution)"))
2026-07-28 18:41:45,895 - scraper.luciferdonghua - WARNING - No episode links found for Tomb of Fallen Gods
2026-07-28 18:41:45,895 - __main__ - WARNING - No episodes found for Tomb of Fallen Gods
2026-07-28 18:41:45,896 - __main__ - INFO - Processing Beyond the Timescape
2026-07-28 18:41:45,900 - scraper.luciferdonghua - ERROR - Failed to scrape episode links from https://luciferdonghua.in/anime/beyond-the-timescape-2025/: HTTPSConnectionPool(host='luciferdonghua.in', port=443): Max retries exceeded with url: /anime/beyond-the-timescape-2025/ (Caused by NameResolutionError("HTTPSConnection(host='luciferdonghua.in', port=443): Failed to resolve 'luciferdonghua.in' ([Errno -3] Temporary failure in name resolution)"))
Traceback (most recent call last):
  File "/usr/lib/python3.14/site-packages/urllib3/connection.py", line 204, in _new_conn
    sock = connection.create_connection(
        (self._dns_host, self.port),
    ...<2 lines>...
        socket_options=self.socket_options,
    )
  File "/usr/lib/python3.14/site-packages/urllib3/util/connection.py", line 60, in create_connection
    for res in socket.getaddrinfo(host, port, family, socket.SOCK_STREAM):
               ~~~~~~~~~~~~~~~~~~^^^^^^^^^^^^^^^^^^^^^^^^^^^^^^^^^^^^^^^^
  File "/usr/lib/python3.14/socket.py", line 987, in getaddrinfo
    for res in _socket.getaddrinfo(host, port, family, type, proto, flags):
               ~~~~~~~~~~~~~~~~~~~^^^^^^^^^^^^^^^^^^^^^^^^^^^^^^^^^^^^^^^^
socket.gaierror: [Errno -3] Temporary failure in name resolution

The above exception was the direct cause of the following exception:

Traceback (most recent call last):
  File "/usr/lib/python3.14/site-packages/urllib3/connectionpool.py", line 788, in urlopen
    response = self._make_request(
        conn,
    ...<10 lines>...
        **response_kw,
    )
  File "/usr/lib/python3.14/site-packages/urllib3/connectionpool.py", line 488, in _make_request
    raise new_e
  File "/usr/lib/python3.14/site-packages/urllib3/connectionpool.py", line 464, in _make_request
    self._validate_conn(conn)
    ~~~~~~~~~~~~~~~~~~~^^^^^^
  File "/usr/lib/python3.14/site-packages/urllib3/connectionpool.py", line 1106, in _validate_conn
    conn.connect()
    ~~~~~~~~~~~~^^
  File "/usr/lib/python3.14/site-packages/urllib3/connection.py", line 759, in connect
    self.sock = sock = self._new_conn()
                       ~~~~~~~~~~~~~~^^
  File "/usr/lib/python3.14/site-packages/urllib3/connection.py", line 211, in _new_conn
    raise NameResolutionError(self.host, self, e) from e
urllib3.exceptions.NameResolutionError: HTTPSConnection(host='luciferdonghua.in', port=443): Failed to resolve 'luciferdonghua.in' ([Errno -3] Temporary failure in name resolution)

The above exception was the direct cause of the following exception:

Traceback (most recent call last):
  File "/usr/lib/python3.14/site-packages/requests/adapters.py", line 696, in send
    resp = conn.urlopen(
        method=request.method,
    ...<9 lines>...
        chunked=chunked,
    )
  File "/usr/lib/python3.14/site-packages/urllib3/connectionpool.py", line 842, in urlopen
    retries = retries.increment(
        method, url, error=new_e, _pool=self, _stacktrace=sys.exc_info()[2]
    )
  File "/usr/lib/python3.14/site-packages/urllib3/util/retry.py", line 543, in increment
    raise MaxRetryError(_pool, url, reason) from reason  # type: ignore[arg-type]
    ^^^^^^^^^^^^^^^^^^^^^^^^^^^^^^^^^^^^^^^^^^^^^^^^^^^
urllib3.exceptions.MaxRetryError: HTTPSConnectionPool(host='luciferdonghua.in', port=443): Max retries exceeded with url: /anime/beyond-the-timescape-2025/ (Caused by NameResolutionError("HTTPSConnection(host='luciferdonghua.in', port=443): Failed to resolve 'luciferdonghua.in' ([Errno -3] Temporary failure in name resolution)"))

During handling of the above exception, another exception occurred:

Traceback (most recent call last):
  File "/home/zain/Scripts/anime-downloader/scraper/luciferdonghua.py", line 128, in _scrape_episode_links
    resp = requests.get(page_url, headers=HEADERS, timeout=TIMEOUT)
  File "/usr/lib/python3.14/site-packages/requests/api.py", line 87, in get
    return request("get", url, params=params, **kwargs)
  File "/usr/lib/python3.14/site-packages/requests/api.py", line 71, in request
    return session.request(method=method, url=url, **kwargs)
           ~~~~~~~~~~~~~~~^^^^^^^^^^^^^^^^^^^^^^^^^^^^^^^^^^
  File "/usr/lib/python3.14/site-packages/requests/sessions.py", line 651, in request
    resp = self.send(prep, **send_kwargs)
  File "/usr/lib/python3.14/site-packages/requests/sessions.py", line 784, in send
    r = adapter.send(request, **kwargs)
  File "/usr/lib/python3.14/site-packages/requests/adapters.py", line 729, in send
    raise ConnectionError(e, request=request)
requests.exceptions.ConnectionError: HTTPSConnectionPool(host='luciferdonghua.in', port=443): Max retries exceeded with url: /anime/beyond-the-timescape-2025/ (Caused by NameResolutionError("HTTPSConnection(host='luciferdonghua.in', port=443): Failed to resolve 'luciferdonghua.in' ([Errno -3] Temporary failure in name resolution)"))
2026-07-28 18:41:45,912 - scraper.luciferdonghua - WARNING - No episode links found for Beyond the Timescape
2026-07-28 18:41:45,912 - __main__ - WARNING - No episodes found for Beyond the Timescape
2026-07-28 18:41:45,912 - __main__ - INFO - Processing sword and fairy 3
2026-07-28 18:41:45,925 - scraper.luciferdonghua - WARNING - Could not find main page for sword and fairy 3
2026-07-28 18:41:45,925 - __main__ - WARNING - No episodes found for sword and fairy 3
2026-07-28 18:41:45,925 - __main__ - INFO - Processing The Supreme Body Refining Master
2026-07-28 18:41:45,936 - scraper.luciferdonghua - WARNING - Could not find main page for The Supreme Body Refining Master
2026-07-28 18:41:45,936 - __main__ - WARNING - No episodes found for The Supreme Body Refining Master
2026-07-28 18:41:45,936 - __main__ - INFO - Processing sword of coming(jian lai)
2026-07-28 18:41:45,947 - scraper.luciferdonghua - WARNING - Could not find main page for sword of coming(jian lai)
2026-07-28 18:41:45,948 - __main__ - WARNING - No episodes found for sword of coming(jian lai)
2026-07-28 18:41:45,948 - __main__ - INFO - Processing keyboard immortal
2026-07-28 18:41:45,960 - scraper.luciferdonghua - WARNING - Could not find main page for keyboard immortal
2026-07-28 18:41:45,960 - __main__ - WARNING - No episodes found for keyboard immortal
2026-07-28 18:41:45,960 - __main__ - INFO - Processing The Divine Emperor of Destiny
2026-07-28 18:41:45,971 - scraper.luciferdonghua - WARNING - Could not find main page for The Divine Emperor of Destiny
2026-07-28 18:41:45,971 - __main__ - WARNING - No episodes found for The Divine Emperor of Destiny
2026-07-28 18:41:45,972 - __main__ - INFO - Processing Twin Martial Spirits
2026-07-28 18:41:45,982 - scraper.luciferdonghua - WARNING - Could not find main page for Twin Martial Spirits
2026-07-28 18:41:45,983 - __main__ - WARNING - No episodes found for Twin Martial Spirits
2026-07-28 18:41:45,983 - __main__ - INFO - Processing Endless Heaven Realm
2026-07-28 18:41:45,991 - scraper.luciferdonghua - WARNING - Could not find main page for Endless Heaven Realm
2026-07-28 18:41:45,992 - __main__ - WARNING - No episodes found for Endless Heaven Realm
2026-07-28 18:41:45,992 - __main__ - INFO - Skipping completed: lord of all realms
2026-07-28 18:41:45,993 - __main__ - INFO - Skipping completed: classroom of the elite
2026-07-28 18:41:45,994 - __main__ - INFO - Skipping completed: against the gods
2026-07-28 18:41:45,994 - __main__ - INFO - Skipping completed: appotheosis
2026-07-28 18:41:45,994 - __main__ - INFO - Skipping completed: stellar transformation
2026-07-28 18:41:45,994 - __main__ - INFO - Skipping completed: Return of the Divine Emperor
2026-07-28 18:41:45,994 - __main__ - INFO - Skipping completed: The strongest upgrade
2026-07-28 18:41:45,995 - __main__ - INFO - Skipping completed: The Demon Hunter
2026-07-28 18:41:45,995 - __main__ - INFO - Skipping completed: Above the Kingdom of God
2026-07-28 18:41:45,995 - __main__ - INFO - Skipping completed: Jade Dynasty
2026-07-28 18:41:45,995 - __main__ - INFO - Skipping completed: Divine Lord Of Heavens
2026-07-28 18:41:45,995 - __main__ - INFO - Skipping completed: Dragon Raja
2026-07-28 18:41:45,996 - __main__ - INFO - Skipping completed: Martial Universe
2026-07-28 18:41:45,996 - __main__ - INFO - Skipping completed: Legend of the Misty Sword Immortal
2026-07-28 18:41:45,996 - __main__ - INFO - Skipping completed: Supreme Over the Sky
2026-07-28 18:41:45,996 - __main__ - INFO - Skipping completed: Peerless Divine Emperor
2026-07-28 18:41:45,996 - __main__ - INFO - Skipping completed: World Defying Dan God
2026-07-28 18:41:45,997 - __main__ - INFO - Skipping completed: The Daily Life of Immortal King
2026-07-28 18:41:45,997 - __main__ - INFO - Skipping completed: Nine Suns Martial God
2026-07-28 18:41:45,997 - __main__ - INFO - Skipping completed: Throne of seal
2026-07-28 18:41:45,997 - __main__ - INFO - Skipping completed: The Gate of Mystical Realm
2026-07-28 18:41:45,997 - __main__ - INFO - Skipping completed: Immortality
2026-07-28 18:41:45,998 - __main__ - INFO - Anime Downloader finished.
2026-07-28 18:42:24,971 - __main__ - INFO - Starting Anime Downloader
2026-07-28 18:42:24,973 - __main__ - INFO - Processing stellar transformation
2026-07-28 18:42:26,826 - scraper.luciferdonghua - INFO - Latest episode for stellar transformation: 11
2026-07-28 18:42:26,826 - __main__ - INFO - Missing episodes for stellar transformation: [6, 7, 8, 9, 10, 11]
2026-07-28 18:42:28,201 - downloader - INFO - Downloading with yt-dlp: https://luciferdonghua.in/anime/stellar-transformation-season-7/episode-6/
2026-07-28 18:42:32,401 - downloader - WARNING - yt-dlp attempt 1 failed: Command '['yt-dlp', 'https://luciferdonghua.in/anime/stellar-transformation-season-7/episode-6/', '-o', '/home/zain/Videos/Anime/anime-dl/stellar transformation/season 7/Episode 6', '--no-playlist', '--output', '%(title)s.%(ext)s']' returned non-zero exit status 1.
2026-07-28 18:42:34,402 - downloader - INFO - Downloading with yt-dlp: https://luciferdonghua.in/anime/stellar-transformation-season-7/episode-6/
2026-07-28 18:42:39,046 - downloader - WARNING - yt-dlp attempt 2 failed: Command '['yt-dlp', 'https://luciferdonghua.in/anime/stellar-transformation-season-7/episode-6/', '-o', '/home/zain/Videos/Anime/anime-dl/stellar transformation/season 7/Episode 6', '--no-playlist', '--output', '%(title)s.%(ext)s']' returned non-zero exit status 1.
2026-07-28 18:42:41,047 - downloader - INFO - Downloading with yt-dlp: https://luciferdonghua.in/anime/stellar-transformation-season-7/episode-6/
2026-07-28 18:42:44,997 - downloader - WARNING - yt-dlp attempt 3 failed: Command '['yt-dlp', 'https://luciferdonghua.in/anime/stellar-transformation-season-7/episode-6/', '-o', '/home/zain/Videos/Anime/anime-dl/stellar transformation/season 7/Episode 6', '--no-playlist', '--output', '%(title)s.%(ext)s']' returned non-zero exit status 1.
2026-07-28 18:42:44,997 - downloader - ERROR - All yt-dlp attempts failed for https://luciferdonghua.in/anime/stellar-transformation-season-7/episode-6/
2026-07-28 18:42:44,997 - __main__ - ERROR - Failed to download stellar transformation ep 6
2026-07-28 18:42:46,441 - downloader - INFO - Downloading with yt-dlp: https://luciferdonghua.in/stellar-transformation-season-7-episode-07-and-08-lucifer-donghua/
2026-07-28 18:46:46,336 - downloader - INFO - Downloaded to /home/zain/Videos/Anime/anime-dl/stellar transformation/season 7/Episode 7.mp4
2026-07-28 18:46:46,337 - updater - INFO - Updated stellar transformation to episode 7
2026-07-28 18:46:47,909 - downloader - INFO - Downloading with yt-dlp: https://luciferdonghua.in/anime/stellar-transformation-season-7/episode-8/
2026-07-28 18:46:53,553 - downloader - WARNING - yt-dlp attempt 1 failed: Command '['yt-dlp', 'https://luciferdonghua.in/anime/stellar-transformation-season-7/episode-8/', '-o', '/home/zain/Videos/Anime/anime-dl/stellar transformation/season 7/Episode 8', '--no-playlist', '--output', '%(title)s.%(ext)s']' returned non-zero exit status 1.
2026-07-28 18:46:55,554 - downloader - INFO - Downloading with yt-dlp: https://luciferdonghua.in/anime/stellar-transformation-season-7/episode-8/
2026-07-28 18:46:59,391 - downloader - WARNING - yt-dlp attempt 2 failed: Command '['yt-dlp', 'https://luciferdonghua.in/anime/stellar-transformation-season-7/episode-8/', '-o', '/home/zain/Videos/Anime/anime-dl/stellar transformation/season 7/Episode 8', '--no-playlist', '--output', '%(title)s.%(ext)s']' returned non-zero exit status 1.
2026-07-28 18:47:01,392 - downloader - INFO - Downloading with yt-dlp: https://luciferdonghua.in/anime/stellar-transformation-season-7/episode-8/
2026-07-28 18:47:06,648 - downloader - WARNING - yt-dlp attempt 3 failed: Command '['yt-dlp', 'https://luciferdonghua.in/anime/stellar-transformation-season-7/episode-8/', '-o', '/home/zain/Videos/Anime/anime-dl/stellar transformation/season 7/Episode 8', '--no-playlist', '--output', '%(title)s.%(ext)s']' returned non-zero exit status 1.
2026-07-28 18:47:06,648 - downloader - ERROR - All yt-dlp attempts failed for https://luciferdonghua.in/anime/stellar-transformation-season-7/episode-8/
2026-07-28 18:47:06,648 - __main__ - ERROR - Failed to download stellar transformation ep 8
2026-07-28 18:47:07,999 - downloader - INFO - Downloading with yt-dlp: https://luciferdonghua.in/stellar-transformation-season-7-episode-09-and-10-lucifer-donghua/
2026-07-28 19:10:45,220 - downloader - WARNING - yt-dlp attempt 1 failed: Command '['yt-dlp', 'https://luciferdonghua.in/stellar-transformation-season-7-episode-09-and-10-lucifer-donghua/', '-o', '/home/zain/Videos/Anime/anime-dl/stellar transformation/season 7/Episode 9', '--no-playlist', '--output', '%(title)s.%(ext)s']' returned non-zero exit status 1.
2026-07-28 19:10:47,221 - downloader - INFO - Downloading with yt-dlp: https://luciferdonghua.in/stellar-transformation-season-7-episode-09-and-10-lucifer-donghua/
2026-07-28 19:10:50,286 - downloader - WARNING - yt-dlp attempt 2 failed: Command '['yt-dlp', 'https://luciferdonghua.in/stellar-transformation-season-7-episode-09-and-10-lucifer-donghua/', '-o', '/home/zain/Videos/Anime/anime-dl/stellar transformation/season 7/Episode 9', '--no-playlist', '--output', '%(title)s.%(ext)s']' returned non-zero exit status 1.
2026-07-28 19:10:52,287 - downloader - INFO - Downloading with yt-dlp: https://luciferdonghua.in/stellar-transformation-season-7-episode-09-and-10-lucifer-donghua/
2026-07-28 19:10:55,306 - downloader - WARNING - yt-dlp attempt 3 failed: Command '['yt-dlp', 'https://luciferdonghua.in/stellar-transformation-season-7-episode-09-and-10-lucifer-donghua/', '-o', '/home/zain/Videos/Anime/anime-dl/stellar transformation/season 7/Episode 9', '--no-playlist', '--output', '%(title)s.%(ext)s']' returned non-zero exit status 1.
2026-07-28 19:10:55,307 - downloader - ERROR - All yt-dlp attempts failed for https://luciferdonghua.in/stellar-transformation-season-7-episode-09-and-10-lucifer-donghua/
2026-07-28 19:10:55,307 - __main__ - ERROR - Failed to download stellar transformation ep 9
2026-07-28 19:10:56,660 - downloader - INFO - Downloading with yt-dlp: https://luciferdonghua.in/anime/stellar-transformation-season-7/episode-10/
2026-07-28 19:10:59,769 - downloader - WARNING - yt-dlp attempt 1 failed: Command '['yt-dlp', 'https://luciferdonghua.in/anime/stellar-transformation-season-7/episode-10/', '-o', '/home/zain/Videos/Anime/anime-dl/stellar transformation/season 7/Episode 10', '--no-playlist', '--output', '%(title)s.%(ext)s']' returned non-zero exit status 1.
2026-07-28 19:11:01,770 - downloader - INFO - Downloading with yt-dlp: https://luciferdonghua.in/anime/stellar-transformation-season-7/episode-10/
2026-07-28 19:11:04,718 - downloader - WARNING - yt-dlp attempt 2 failed: Command '['yt-dlp', 'https://luciferdonghua.in/anime/stellar-transformation-season-7/episode-10/', '-o', '/home/zain/Videos/Anime/anime-dl/stellar transformation/season 7/Episode 10', '--no-playlist', '--output', '%(title)s.%(ext)s']' returned non-zero exit status 1.
2026-07-28 19:11:06,719 - downloader - INFO - Downloading with yt-dlp: https://luciferdonghua.in/anime/stellar-transformation-season-7/episode-10/
2026-07-28 19:11:09,613 - downloader - WARNING - yt-dlp attempt 3 failed: Command '['yt-dlp', 'https://luciferdonghua.in/anime/stellar-transformation-season-7/episode-10/', '-o', '/home/zain/Videos/Anime/anime-dl/stellar transformation/season 7/Episode 10', '--no-playlist', '--output', '%(title)s.%(ext)s']' returned non-zero exit status 1.
2026-07-28 19:11:09,613 - downloader - ERROR - All yt-dlp attempts failed for https://luciferdonghua.in/anime/stellar-transformation-season-7/episode-10/
2026-07-28 19:11:09,614 - __main__ - ERROR - Failed to download stellar transformation ep 10
2026-07-28 19:11:10,955 - downloader - INFO - Downloading with yt-dlp: https://luciferdonghua.in/stellar-transformation-season-7-episode-11-and-12-lucifer-donghua/
2026-07-28 19:11:13,860 - downloader - WARNING - yt-dlp attempt 1 failed: Command '['yt-dlp', 'https://luciferdonghua.in/stellar-transformation-season-7-episode-11-and-12-lucifer-donghua/', '-o', '/home/zain/Videos/Anime/anime-dl/stellar transformation/season 7/Episode 11', '--no-playlist', '--output', '%(title)s.%(ext)s']' returned non-zero exit status 1.
2026-07-28 19:11:15,861 - downloader - INFO - Downloading with yt-dlp: https://luciferdonghua.in/stellar-transformation-season-7-episode-11-and-12-lucifer-donghua/
2026-07-28 19:11:18,813 - downloader - WARNING - yt-dlp attempt 2 failed: Command '['yt-dlp', 'https://luciferdonghua.in/stellar-transformation-season-7-episode-11-and-12-lucifer-donghua/', '-o', '/home/zain/Videos/Anime/anime-dl/stellar transformation/season 7/Episode 11', '--no-playlist', '--output', '%(title)s.%(ext)s']' returned non-zero exit status 1.
2026-07-28 19:11:20,814 - downloader - INFO - Downloading with yt-dlp: https://luciferdonghua.in/stellar-transformation-season-7-episode-11-and-12-lucifer-donghua/
2026-07-28 19:11:23,841 - downloader - WARNING - yt-dlp attempt 3 failed: Command '['yt-dlp', 'https://luciferdonghua.in/stellar-transformation-season-7-episode-11-and-12-lucifer-donghua/', '-o', '/home/zain/Videos/Anime/anime-dl/stellar transformation/season 7/Episode 11', '--no-playlist', '--output', '%(title)s.%(ext)s']' returned non-zero exit status 1.
2026-07-28 19:11:23,841 - downloader - ERROR - All yt-dlp attempts failed for https://luciferdonghua.in/stellar-transformation-season-7-episode-11-and-12-lucifer-donghua/
2026-07-28 19:11:23,841 - __main__ - ERROR - Failed to download stellar transformation ep 11
2026-07-28 19:11:23,842 - __main__ - INFO - Processing The Great Ruler
2026-07-28 19:11:23,851 - scraper.luciferdonghua - ERROR - Failed to scrape episode links from https://luciferdonghua.in/anime/the-great-ruler-season-2/: HTTPSConnectionPool(host='luciferdonghua.in', port=443): Max retries exceeded with url: /anime/the-great-ruler-season-2/ (Caused by NameResolutionError("HTTPSConnection(host='luciferdonghua.in', port=443): Failed to resolve 'luciferdonghua.in' ([Errno -3] Temporary failure in name resolution)"))
Traceback (most recent call last):
  File "/usr/lib/python3.14/site-packages/urllib3/connection.py", line 204, in _new_conn
    sock = connection.create_connection(
        (self._dns_host, self.port),
    ...<2 lines>...
        socket_options=self.socket_options,
    )
  File "/usr/lib/python3.14/site-packages/urllib3/util/connection.py", line 60, in create_connection
    for res in socket.getaddrinfo(host, port, family, socket.SOCK_STREAM):
               ~~~~~~~~~~~~~~~~~~^^^^^^^^^^^^^^^^^^^^^^^^^^^^^^^^^^^^^^^^
  File "/usr/lib/python3.14/socket.py", line 987, in getaddrinfo
    for res in _socket.getaddrinfo(host, port, family, type, proto, flags):
               ~~~~~~~~~~~~~~~~~~~^^^^^^^^^^^^^^^^^^^^^^^^^^^^^^^^^^^^^^^^
socket.gaierror: [Errno -3] Temporary failure in name resolution

The above exception was the direct cause of the following exception:

Traceback (most recent call last):
  File "/usr/lib/python3.14/site-packages/urllib3/connectionpool.py", line 788, in urlopen
    response = self._make_request(
        conn,
    ...<10 lines>...
        **response_kw,
    )
  File "/usr/lib/python3.14/site-packages/urllib3/connectionpool.py", line 488, in _make_request
    raise new_e
  File "/usr/lib/python3.14/site-packages/urllib3/connectionpool.py", line 464, in _make_request
    self._validate_conn(conn)
    ~~~~~~~~~~~~~~~~~~~^^^^^^
  File "/usr/lib/python3.14/site-packages/urllib3/connectionpool.py", line 1106, in _validate_conn
    conn.connect()
    ~~~~~~~~~~~~^^
  File "/usr/lib/python3.14/site-packages/urllib3/connection.py", line 759, in connect
    self.sock = sock = self._new_conn()
                       ~~~~~~~~~~~~~~^^
  File "/usr/lib/python3.14/site-packages/urllib3/connection.py", line 211, in _new_conn
    raise NameResolutionError(self.host, self, e) from e
urllib3.exceptions.NameResolutionError: HTTPSConnection(host='luciferdonghua.in', port=443): Failed to resolve 'luciferdonghua.in' ([Errno -3] Temporary failure in name resolution)

The above exception was the direct cause of the following exception:

Traceback (most recent call last):
  File "/usr/lib/python3.14/site-packages/requests/adapters.py", line 696, in send
    resp = conn.urlopen(
        method=request.method,
    ...<9 lines>...
        chunked=chunked,
    )
  File "/usr/lib/python3.14/site-packages/urllib3/connectionpool.py", line 842, in urlopen
    retries = retries.increment(
        method, url, error=new_e, _pool=self, _stacktrace=sys.exc_info()[2]
    )
  File "/usr/lib/python3.14/site-packages/urllib3/util/retry.py", line 543, in increment
    raise MaxRetryError(_pool, url, reason) from reason  # type: ignore[arg-type]
    ^^^^^^^^^^^^^^^^^^^^^^^^^^^^^^^^^^^^^^^^^^^^^^^^^^^
urllib3.exceptions.MaxRetryError: HTTPSConnectionPool(host='luciferdonghua.in', port=443): Max retries exceeded with url: /anime/the-great-ruler-season-2/ (Caused by NameResolutionError("HTTPSConnection(host='luciferdonghua.in', port=443): Failed to resolve 'luciferdonghua.in' ([Errno -3] Temporary failure in name resolution)"))

During handling of the above exception, another exception occurred:

Traceback (most recent call last):
  File "/home/zain/Scripts/anime-downloader/scraper/luciferdonghua.py", line 128, in _scrape_episode_links
    resp = requests.get(page_url, headers=HEADERS, timeout=TIMEOUT)
  File "/usr/lib/python3.14/site-packages/requests/api.py", line 87, in get
    return request("get", url, params=params, **kwargs)
  File "/usr/lib/python3.14/site-packages/requests/api.py", line 71, in request
    return session.request(method=method, url=url, **kwargs)
           ~~~~~~~~~~~~~~~^^^^^^^^^^^^^^^^^^^^^^^^^^^^^^^^^^
  File "/usr/lib/python3.14/site-packages/requests/sessions.py", line 651, in request
    resp = self.send(prep, **send_kwargs)
  File "/usr/lib/python3.14/site-packages/requests/sessions.py", line 784, in send
    r = adapter.send(request, **kwargs)
  File "/usr/lib/python3.14/site-packages/requests/adapters.py", line 729, in send
    raise ConnectionError(e, request=request)
requests.exceptions.ConnectionError: HTTPSConnectionPool(host='luciferdonghua.in', port=443): Max retries exceeded with url: /anime/the-great-ruler-season-2/ (Caused by NameResolutionError("HTTPSConnection(host='luciferdonghua.in', port=443): Failed to resolve 'luciferdonghua.in' ([Errno -3] Temporary failure in name resolution)"))
2026-07-28 19:11:23,869 - scraper.luciferdonghua - WARNING - No episode links found for The Great Ruler
2026-07-28 19:11:23,869 - __main__ - WARNING - No episodes found for The Great Ruler
2026-07-28 19:11:23,869 - __main__ - INFO - Processing appotheosis
2026-07-28 19:11:23,886 - scraper.luciferdonghua - WARNING - Could not find main page for appotheosis
2026-07-28 19:11:23,887 - __main__ - WARNING - No episodes found for appotheosis
2026-07-28 19:11:23,887 - __main__ - INFO - Processing Shrouding The Heavens
2026-07-28 19:11:23,893 - scraper.luciferdonghua - ERROR - Failed to scrape episode links from https://luciferdonghua.in/anime/shrouding-the-heavens/: HTTPSConnectionPool(host='luciferdonghua.in', port=443): Max retries exceeded with url: /anime/shrouding-the-heavens/ (Caused by NameResolutionError("HTTPSConnection(host='luciferdonghua.in', port=443): Failed to resolve 'luciferdonghua.in' ([Errno -3] Temporary failure in name resolution)"))
Traceback (most recent call last):
  File "/usr/lib/python3.14/site-packages/urllib3/connection.py", line 204, in _new_conn
    sock = connection.create_connection(
        (self._dns_host, self.port),
    ...<2 lines>...
        socket_options=self.socket_options,
    )
  File "/usr/lib/python3.14/site-packages/urllib3/util/connection.py", line 60, in create_connection
    for res in socket.getaddrinfo(host, port, family, socket.SOCK_STREAM):
               ~~~~~~~~~~~~~~~~~~^^^^^^^^^^^^^^^^^^^^^^^^^^^^^^^^^^^^^^^^
  File "/usr/lib/python3.14/socket.py", line 987, in getaddrinfo
    for res in _socket.getaddrinfo(host, port, family, type, proto, flags):
               ~~~~~~~~~~~~~~~~~~~^^^^^^^^^^^^^^^^^^^^^^^^^^^^^^^^^^^^^^^^
socket.gaierror: [Errno -3] Temporary failure in name resolution

The above exception was the direct cause of the following exception:

Traceback (most recent call last):
  File "/usr/lib/python3.14/site-packages/urllib3/connectionpool.py", line 788, in urlopen
    response = self._make_request(
        conn,
    ...<10 lines>...
        **response_kw,
    )
  File "/usr/lib/python3.14/site-packages/urllib3/connectionpool.py", line 488, in _make_request
    raise new_e
  File "/usr/lib/python3.14/site-packages/urllib3/connectionpool.py", line 464, in _make_request
    self._validate_conn(conn)
    ~~~~~~~~~~~~~~~~~~~^^^^^^
  File "/usr/lib/python3.14/site-packages/urllib3/connectionpool.py", line 1106, in _validate_conn
    conn.connect()
    ~~~~~~~~~~~~^^
  File "/usr/lib/python3.14/site-packages/urllib3/connection.py", line 759, in connect
    self.sock = sock = self._new_conn()
                       ~~~~~~~~~~~~~~^^
  File "/usr/lib/python3.14/site-packages/urllib3/connection.py", line 211, in _new_conn
    raise NameResolutionError(self.host, self, e) from e
urllib3.exceptions.NameResolutionError: HTTPSConnection(host='luciferdonghua.in', port=443): Failed to resolve 'luciferdonghua.in' ([Errno -3] Temporary failure in name resolution)

The above exception was the direct cause of the following exception:

Traceback (most recent call last):
  File "/usr/lib/python3.14/site-packages/requests/adapters.py", line 696, in send
    resp = conn.urlopen(
        method=request.method,
    ...<9 lines>...
        chunked=chunked,
    )
  File "/usr/lib/python3.14/site-packages/urllib3/connectionpool.py", line 842, in urlopen
    retries = retries.increment(
        method, url, error=new_e, _pool=self, _stacktrace=sys.exc_info()[2]
    )
  File "/usr/lib/python3.14/site-packages/urllib3/util/retry.py", line 543, in increment
    raise MaxRetryError(_pool, url, reason) from reason  # type: ignore[arg-type]
    ^^^^^^^^^^^^^^^^^^^^^^^^^^^^^^^^^^^^^^^^^^^^^^^^^^^
urllib3.exceptions.MaxRetryError: HTTPSConnectionPool(host='luciferdonghua.in', port=443): Max retries exceeded with url: /anime/shrouding-the-heavens/ (Caused by NameResolutionError("HTTPSConnection(host='luciferdonghua.in', port=443): Failed to resolve 'luciferdonghua.in' ([Errno -3] Temporary failure in name resolution)"))

During handling of the above exception, another exception occurred:

Traceback (most recent call last):
  File "/home/zain/Scripts/anime-downloader/scraper/luciferdonghua.py", line 128, in _scrape_episode_links
    resp = requests.get(page_url, headers=HEADERS, timeout=TIMEOUT)
  File "/usr/lib/python3.14/site-packages/requests/api.py", line 87, in get
    return request("get", url, params=params, **kwargs)
  File "/usr/lib/python3.14/site-packages/requests/api.py", line 71, in request
    return session.request(method=method, url=url, **kwargs)
           ~~~~~~~~~~~~~~~^^^^^^^^^^^^^^^^^^^^^^^^^^^^^^^^^^
  File "/usr/lib/python3.14/site-packages/requests/sessions.py", line 651, in request
    resp = self.send(prep, **send_kwargs)
  File "/usr/lib/python3.14/site-packages/requests/sessions.py", line 784, in send
    r = adapter.send(request, **kwargs)
  File "/usr/lib/python3.14/site-packages/requests/adapters.py", line 729, in send
    raise ConnectionError(e, request=request)
requests.exceptions.ConnectionError: HTTPSConnectionPool(host='luciferdonghua.in', port=443): Max retries exceeded with url: /anime/shrouding-the-heavens/ (Caused by NameResolutionError("HTTPSConnection(host='luciferdonghua.in', port=443): Failed to resolve 'luciferdonghua.in' ([Errno -3] Temporary failure in name resolution)"))
2026-07-28 19:11:23,906 - scraper.luciferdonghua - WARNING - No episode links found for Shrouding The Heavens
2026-07-28 19:11:23,906 - __main__ - WARNING - No episodes found for Shrouding The Heavens
2026-07-28 19:11:23,906 - __main__ - INFO - Processing btth
2026-07-28 19:11:23,926 - scraper.luciferdonghua - WARNING - Could not find main page for btth
2026-07-28 19:11:23,926 - __main__ - WARNING - No episodes found for btth
2026-07-28 19:11:23,926 - __main__ - INFO - Processing perfect world
2026-07-28 19:11:23,937 - scraper.luciferdonghua - ERROR - Failed to scrape episode links from https://luciferdonghua.in/anime/perfect-world-new/: HTTPSConnectionPool(host='luciferdonghua.in', port=443): Max retries exceeded with url: /anime/perfect-world-new/ (Caused by NameResolutionError("HTTPSConnection(host='luciferdonghua.in', port=443): Failed to resolve 'luciferdonghua.in' ([Errno -3] Temporary failure in name resolution)"))
Traceback (most recent call last):
  File "/usr/lib/python3.14/site-packages/urllib3/connection.py", line 204, in _new_conn
    sock = connection.create_connection(
        (self._dns_host, self.port),
    ...<2 lines>...
        socket_options=self.socket_options,
    )
  File "/usr/lib/python3.14/site-packages/urllib3/util/connection.py", line 60, in create_connection
    for res in socket.getaddrinfo(host, port, family, socket.SOCK_STREAM):
               ~~~~~~~~~~~~~~~~~~^^^^^^^^^^^^^^^^^^^^^^^^^^^^^^^^^^^^^^^^
  File "/usr/lib/python3.14/socket.py", line 987, in getaddrinfo
    for res in _socket.getaddrinfo(host, port, family, type, proto, flags):
               ~~~~~~~~~~~~~~~~~~~^^^^^^^^^^^^^^^^^^^^^^^^^^^^^^^^^^^^^^^^
socket.gaierror: [Errno -3] Temporary failure in name resolution

The above exception was the direct cause of the following exception:

Traceback (most recent call last):
  File "/usr/lib/python3.14/site-packages/urllib3/connectionpool.py", line 788, in urlopen
    response = self._make_request(
        conn,
    ...<10 lines>...
        **response_kw,
    )
  File "/usr/lib/python3.14/site-packages/urllib3/connectionpool.py", line 488, in _make_request
    raise new_e
  File "/usr/lib/python3.14/site-packages/urllib3/connectionpool.py", line 464, in _make_request
    self._validate_conn(conn)
    ~~~~~~~~~~~~~~~~~~~^^^^^^
  File "/usr/lib/python3.14/site-packages/urllib3/connectionpool.py", line 1106, in _validate_conn
    conn.connect()
    ~~~~~~~~~~~~^^
  File "/usr/lib/python3.14/site-packages/urllib3/connection.py", line 759, in connect
    self.sock = sock = self._new_conn()
                       ~~~~~~~~~~~~~~^^
  File "/usr/lib/python3.14/site-packages/urllib3/connection.py", line 211, in _new_conn
    raise NameResolutionError(self.host, self, e) from e
urllib3.exceptions.NameResolutionError: HTTPSConnection(host='luciferdonghua.in', port=443): Failed to resolve 'luciferdonghua.in' ([Errno -3] Temporary failure in name resolution)

The above exception was the direct cause of the following exception:

Traceback (most recent call last):
  File "/usr/lib/python3.14/site-packages/requests/adapters.py", line 696, in send
    resp = conn.urlopen(
        method=request.method,
    ...<9 lines>...
        chunked=chunked,
    )
  File "/usr/lib/python3.14/site-packages/urllib3/connectionpool.py", line 842, in urlopen
    retries = retries.increment(
        method, url, error=new_e, _pool=self, _stacktrace=sys.exc_info()[2]
    )
  File "/usr/lib/python3.14/site-packages/urllib3/util/retry.py", line 543, in increment
    raise MaxRetryError(_pool, url, reason) from reason  # type: ignore[arg-type]
    ^^^^^^^^^^^^^^^^^^^^^^^^^^^^^^^^^^^^^^^^^^^^^^^^^^^
urllib3.exceptions.MaxRetryError: HTTPSConnectionPool(host='luciferdonghua.in', port=443): Max retries exceeded with url: /anime/perfect-world-new/ (Caused by NameResolutionError("HTTPSConnection(host='luciferdonghua.in', port=443): Failed to resolve 'luciferdonghua.in' ([Errno -3] Temporary failure in name resolution)"))

During handling of the above exception, another exception occurred:

Traceback (most recent call last):
  File "/home/zain/Scripts/anime-downloader/scraper/luciferdonghua.py", line 128, in _scrape_episode_links
    resp = requests.get(page_url, headers=HEADERS, timeout=TIMEOUT)
  File "/usr/lib/python3.14/site-packages/requests/api.py", line 87, in get
    return request("get", url, params=params, **kwargs)
  File "/usr/lib/python3.14/site-packages/requests/api.py", line 71, in request
    return session.request(method=method, url=url, **kwargs)
           ~~~~~~~~~~~~~~~^^^^^^^^^^^^^^^^^^^^^^^^^^^^^^^^^^
  File "/usr/lib/python3.14/site-packages/requests/sessions.py", line 651, in request
    resp = self.send(prep, **send_kwargs)
  File "/usr/lib/python3.14/site-packages/requests/sessions.py", line 784, in send
    r = adapter.send(request, **kwargs)
  File "/usr/lib/python3.14/site-packages/requests/adapters.py", line 729, in send
    raise ConnectionError(e, request=request)
requests.exceptions.ConnectionError: HTTPSConnectionPool(host='luciferdonghua.in', port=443): Max retries exceeded with url: /anime/perfect-world-new/ (Caused by NameResolutionError("HTTPSConnection(host='luciferdonghua.in', port=443): Failed to resolve 'luciferdonghua.in' ([Errno -3] Temporary failure in name resolution)"))
2026-07-28 19:11:23,950 - scraper.luciferdonghua - WARNING - No episode links found for perfect world
2026-07-28 19:11:23,950 - __main__ - WARNING - No episodes found for perfect world
2026-07-28 19:11:23,950 - __main__ - INFO - Processing renegade immortal
2026-07-28 19:11:23,955 - scraper.luciferdonghua - ERROR - Failed to scrape episode links from https://luciferdonghua.in/anime/renegade-immortal-xian-ni/: HTTPSConnectionPool(host='luciferdonghua.in', port=443): Max retries exceeded with url: /anime/renegade-immortal-xian-ni/ (Caused by NameResolutionError("HTTPSConnection(host='luciferdonghua.in', port=443): Failed to resolve 'luciferdonghua.in' ([Errno -3] Temporary failure in name resolution)"))
Traceback (most recent call last):
  File "/usr/lib/python3.14/site-packages/urllib3/connection.py", line 204, in _new_conn
    sock = connection.create_connection(
        (self._dns_host, self.port),
    ...<2 lines>...
        socket_options=self.socket_options,
    )
  File "/usr/lib/python3.14/site-packages/urllib3/util/connection.py", line 60, in create_connection
    for res in socket.getaddrinfo(host, port, family, socket.SOCK_STREAM):
               ~~~~~~~~~~~~~~~~~~^^^^^^^^^^^^^^^^^^^^^^^^^^^^^^^^^^^^^^^^
  File "/usr/lib/python3.14/socket.py", line 987, in getaddrinfo
    for res in _socket.getaddrinfo(host, port, family, type, proto, flags):
               ~~~~~~~~~~~~~~~~~~~^^^^^^^^^^^^^^^^^^^^^^^^^^^^^^^^^^^^^^^^
socket.gaierror: [Errno -3] Temporary failure in name resolution

The above exception was the direct cause of the following exception:

Traceback (most recent call last):
  File "/usr/lib/python3.14/site-packages/urllib3/connectionpool.py", line 788, in urlopen
    response = self._make_request(
        conn,
    ...<10 lines>...
        **response_kw,
    )
  File "/usr/lib/python3.14/site-packages/urllib3/connectionpool.py", line 488, in _make_request
    raise new_e
  File "/usr/lib/python3.14/site-packages/urllib3/connectionpool.py", line 464, in _make_request
    self._validate_conn(conn)
    ~~~~~~~~~~~~~~~~~~~^^^^^^
  File "/usr/lib/python3.14/site-packages/urllib3/connectionpool.py", line 1106, in _validate_conn
    conn.connect()
    ~~~~~~~~~~~~^^
  File "/usr/lib/python3.14/site-packages/urllib3/connection.py", line 759, in connect
    self.sock = sock = self._new_conn()
                       ~~~~~~~~~~~~~~^^
  File "/usr/lib/python3.14/site-packages/urllib3/connection.py", line 211, in _new_conn
    raise NameResolutionError(self.host, self, e) from e
urllib3.exceptions.NameResolutionError: HTTPSConnection(host='luciferdonghua.in', port=443): Failed to resolve 'luciferdonghua.in' ([Errno -3] Temporary failure in name resolution)

The above exception was the direct cause of the following exception:

Traceback (most recent call last):
  File "/usr/lib/python3.14/site-packages/requests/adapters.py", line 696, in send
    resp = conn.urlopen(
        method=request.method,
    ...<9 lines>...
        chunked=chunked,
    )
  File "/usr/lib/python3.14/site-packages/urllib3/connectionpool.py", line 842, in urlopen
    retries = retries.increment(
        method, url, error=new_e, _pool=self, _stacktrace=sys.exc_info()[2]
    )
  File "/usr/lib/python3.14/site-packages/urllib3/util/retry.py", line 543, in increment
    raise MaxRetryError(_pool, url, reason) from reason  # type: ignore[arg-type]
    ^^^^^^^^^^^^^^^^^^^^^^^^^^^^^^^^^^^^^^^^^^^^^^^^^^^
urllib3.exceptions.MaxRetryError: HTTPSConnectionPool(host='luciferdonghua.in', port=443): Max retries exceeded with url: /anime/renegade-immortal-xian-ni/ (Caused by NameResolutionError("HTTPSConnection(host='luciferdonghua.in', port=443): Failed to resolve 'luciferdonghua.in' ([Errno -3] Temporary failure in name resolution)"))

During handling of the above exception, another exception occurred:

Traceback (most recent call last):
  File "/home/zain/Scripts/anime-downloader/scraper/luciferdonghua.py", line 128, in _scrape_episode_links
    resp = requests.get(page_url, headers=HEADERS, timeout=TIMEOUT)
  File "/usr/lib/python3.14/site-packages/requests/api.py", line 87, in get
    return request("get", url, params=params, **kwargs)
  File "/usr/lib/python3.14/site-packages/requests/api.py", line 71, in request
    return session.request(method=method, url=url, **kwargs)
           ~~~~~~~~~~~~~~~^^^^^^^^^^^^^^^^^^^^^^^^^^^^^^^^^^
  File "/usr/lib/python3.14/site-packages/requests/sessions.py", line 651, in request
    resp = self.send(prep, **send_kwargs)
  File "/usr/lib/python3.14/site-packages/requests/sessions.py", line 784, in send
    r = adapter.send(request, **kwargs)
  File "/usr/lib/python3.14/site-packages/requests/adapters.py", line 729, in send
    raise ConnectionError(e, request=request)
requests.exceptions.ConnectionError: HTTPSConnectionPool(host='luciferdonghua.in', port=443): Max retries exceeded with url: /anime/renegade-immortal-xian-ni/ (Caused by NameResolutionError("HTTPSConnection(host='luciferdonghua.in', port=443): Failed to resolve 'luciferdonghua.in' ([Errno -3] Temporary failure in name resolution)"))
2026-07-28 19:11:23,977 - scraper.luciferdonghua - WARNING - No episode links found for renegade immortal
2026-07-28 19:11:23,977 - __main__ - WARNING - No episodes found for renegade immortal
2026-07-28 19:11:23,977 - __main__ - INFO - Processing soul land 2
2026-07-28 19:11:23,982 - scraper.luciferdonghua - ERROR - Failed to scrape episode links from https://luciferdonghua.in/anime/soul-land-2-the-peerless-tang-sect-new-2023/: HTTPSConnectionPool(host='luciferdonghua.in', port=443): Max retries exceeded with url: /anime/soul-land-2-the-peerless-tang-sect-new-2023/ (Caused by NameResolutionError("HTTPSConnection(host='luciferdonghua.in', port=443): Failed to resolve 'luciferdonghua.in' ([Errno -3] Temporary failure in name resolution)"))
Traceback (most recent call last):
  File "/usr/lib/python3.14/site-packages/urllib3/connection.py", line 204, in _new_conn
    sock = connection.create_connection(
        (self._dns_host, self.port),
    ...<2 lines>...
        socket_options=self.socket_options,
    )
  File "/usr/lib/python3.14/site-packages/urllib3/util/connection.py", line 60, in create_connection
    for res in socket.getaddrinfo(host, port, family, socket.SOCK_STREAM):
               ~~~~~~~~~~~~~~~~~~^^^^^^^^^^^^^^^^^^^^^^^^^^^^^^^^^^^^^^^^
  File "/usr/lib/python3.14/socket.py", line 987, in getaddrinfo
    for res in _socket.getaddrinfo(host, port, family, type, proto, flags):
               ~~~~~~~~~~~~~~~~~~~^^^^^^^^^^^^^^^^^^^^^^^^^^^^^^^^^^^^^^^^
socket.gaierror: [Errno -3] Temporary failure in name resolution

The above exception was the direct cause of the following exception:

Traceback (most recent call last):
  File "/usr/lib/python3.14/site-packages/urllib3/connectionpool.py", line 788, in urlopen
    response = self._make_request(
        conn,
    ...<10 lines>...
        **response_kw,
    )
  File "/usr/lib/python3.14/site-packages/urllib3/connectionpool.py", line 488, in _make_request
    raise new_e
  File "/usr/lib/python3.14/site-packages/urllib3/connectionpool.py", line 464, in _make_request
    self._validate_conn(conn)
    ~~~~~~~~~~~~~~~~~~~^^^^^^
  File "/usr/lib/python3.14/site-packages/urllib3/connectionpool.py", line 1106, in _validate_conn
    conn.connect()
    ~~~~~~~~~~~~^^
  File "/usr/lib/python3.14/site-packages/urllib3/connection.py", line 759, in connect
    self.sock = sock = self._new_conn()
                       ~~~~~~~~~~~~~~^^
  File "/usr/lib/python3.14/site-packages/urllib3/connection.py", line 211, in _new_conn
    raise NameResolutionError(self.host, self, e) from e
urllib3.exceptions.NameResolutionError: HTTPSConnection(host='luciferdonghua.in', port=443): Failed to resolve 'luciferdonghua.in' ([Errno -3] Temporary failure in name resolution)

The above exception was the direct cause of the following exception:

Traceback (most recent call last):
  File "/usr/lib/python3.14/site-packages/requests/adapters.py", line 696, in send
    resp = conn.urlopen(
        method=request.method,
    ...<9 lines>...
        chunked=chunked,
    )
  File "/usr/lib/python3.14/site-packages/urllib3/connectionpool.py", line 842, in urlopen
    retries = retries.increment(
        method, url, error=new_e, _pool=self, _stacktrace=sys.exc_info()[2]
    )
  File "/usr/lib/python3.14/site-packages/urllib3/util/retry.py", line 543, in increment
    raise MaxRetryError(_pool, url, reason) from reason  # type: ignore[arg-type]
    ^^^^^^^^^^^^^^^^^^^^^^^^^^^^^^^^^^^^^^^^^^^^^^^^^^^
urllib3.exceptions.MaxRetryError: HTTPSConnectionPool(host='luciferdonghua.in', port=443): Max retries exceeded with url: /anime/soul-land-2-the-peerless-tang-sect-new-2023/ (Caused by NameResolutionError("HTTPSConnection(host='luciferdonghua.in', port=443): Failed to resolve 'luciferdonghua.in' ([Errno -3] Temporary failure in name resolution)"))

During handling of the above exception, another exception occurred:

Traceback (most recent call last):
  File "/home/zain/Scripts/anime-downloader/scraper/luciferdonghua.py", line 128, in _scrape_episode_links
    resp = requests.get(page_url, headers=HEADERS, timeout=TIMEOUT)
  File "/usr/lib/python3.14/site-packages/requests/api.py", line 87, in get
    return request("get", url, params=params, **kwargs)
  File "/usr/lib/python3.14/site-packages/requests/api.py", line 71, in request
    return session.request(method=method, url=url, **kwargs)
           ~~~~~~~~~~~~~~~^^^^^^^^^^^^^^^^^^^^^^^^^^^^^^^^^^
  File "/usr/lib/python3.14/site-packages/requests/sessions.py", line 651, in request
    resp = self.send(prep, **send_kwargs)
  File "/usr/lib/python3.14/site-packages/requests/sessions.py", line 784, in send
    r = adapter.send(request, **kwargs)
  File "/usr/lib/python3.14/site-packages/requests/adapters.py", line 729, in send
    raise ConnectionError(e, request=request)
requests.exceptions.ConnectionError: HTTPSConnectionPool(host='luciferdonghua.in', port=443): Max retries exceeded with url: /anime/soul-land-2-the-peerless-tang-sect-new-2023/ (Caused by NameResolutionError("HTTPSConnection(host='luciferdonghua.in', port=443): Failed to resolve 'luciferdonghua.in' ([Errno -3] Temporary failure in name resolution)"))
2026-07-28 19:11:24,001 - scraper.luciferdonghua - WARNING - No episode links found for soul land 2
2026-07-28 19:11:24,001 - __main__ - WARNING - No episodes found for soul land 2
2026-07-28 19:11:24,002 - __main__ - INFO - Processing swallowed star
2026-07-28 19:11:24,007 - scraper.luciferdonghua - ERROR - Failed to scrape episode links from https://luciferdonghua.in/anime/swallowed-star-season-4-new/: HTTPSConnectionPool(host='luciferdonghua.in', port=443): Max retries exceeded with url: /anime/swallowed-star-season-4-new/ (Caused by NameResolutionError("HTTPSConnection(host='luciferdonghua.in', port=443): Failed to resolve 'luciferdonghua.in' ([Errno -3] Temporary failure in name resolution)"))
Traceback (most recent call last):
  File "/usr/lib/python3.14/site-packages/urllib3/connection.py", line 204, in _new_conn
    sock = connection.create_connection(
        (self._dns_host, self.port),
    ...<2 lines>...
        socket_options=self.socket_options,
    )
  File "/usr/lib/python3.14/site-packages/urllib3/util/connection.py", line 60, in create_connection
    for res in socket.getaddrinfo(host, port, family, socket.SOCK_STREAM):
               ~~~~~~~~~~~~~~~~~~^^^^^^^^^^^^^^^^^^^^^^^^^^^^^^^^^^^^^^^^
  File "/usr/lib/python3.14/socket.py", line 987, in getaddrinfo
    for res in _socket.getaddrinfo(host, port, family, type, proto, flags):
               ~~~~~~~~~~~~~~~~~~~^^^^^^^^^^^^^^^^^^^^^^^^^^^^^^^^^^^^^^^^
socket.gaierror: [Errno -3] Temporary failure in name resolution

The above exception was the direct cause of the following exception:

Traceback (most recent call last):
  File "/usr/lib/python3.14/site-packages/urllib3/connectionpool.py", line 788, in urlopen
    response = self._make_request(
        conn,
    ...<10 lines>...
        **response_kw,
    )
  File "/usr/lib/python3.14/site-packages/urllib3/connectionpool.py", line 488, in _make_request
    raise new_e
  File "/usr/lib/python3.14/site-packages/urllib3/connectionpool.py", line 464, in _make_request
    self._validate_conn(conn)
    ~~~~~~~~~~~~~~~~~~~^^^^^^
  File "/usr/lib/python3.14/site-packages/urllib3/connectionpool.py", line 1106, in _validate_conn
    conn.connect()
    ~~~~~~~~~~~~^^
  File "/usr/lib/python3.14/site-packages/urllib3/connection.py", line 759, in connect
    self.sock = sock = self._new_conn()
                       ~~~~~~~~~~~~~~^^
  File "/usr/lib/python3.14/site-packages/urllib3/connection.py", line 211, in _new_conn
    raise NameResolutionError(self.host, self, e) from e
urllib3.exceptions.NameResolutionError: HTTPSConnection(host='luciferdonghua.in', port=443): Failed to resolve 'luciferdonghua.in' ([Errno -3] Temporary failure in name resolution)

The above exception was the direct cause of the following exception:

Traceback (most recent call last):
  File "/usr/lib/python3.14/site-packages/requests/adapters.py", line 696, in send
    resp = conn.urlopen(
        method=request.method,
    ...<9 lines>...
        chunked=chunked,
    )
  File "/usr/lib/python3.14/site-packages/urllib3/connectionpool.py", line 842, in urlopen
    retries = retries.increment(
        method, url, error=new_e, _pool=self, _stacktrace=sys.exc_info()[2]
    )
  File "/usr/lib/python3.14/site-packages/urllib3/util/retry.py", line 543, in increment
    raise MaxRetryError(_pool, url, reason) from reason  # type: ignore[arg-type]
    ^^^^^^^^^^^^^^^^^^^^^^^^^^^^^^^^^^^^^^^^^^^^^^^^^^^
urllib3.exceptions.MaxRetryError: HTTPSConnectionPool(host='luciferdonghua.in', port=443): Max retries exceeded with url: /anime/swallowed-star-season-4-new/ (Caused by NameResolutionError("HTTPSConnection(host='luciferdonghua.in', port=443): Failed to resolve 'luciferdonghua.in' ([Errno -3] Temporary failure in name resolution)"))

During handling of the above exception, another exception occurred:

Traceback (most recent call last):
  File "/home/zain/Scripts/anime-downloader/scraper/luciferdonghua.py", line 128, in _scrape_episode_links
    resp = requests.get(page_url, headers=HEADERS, timeout=TIMEOUT)
  File "/usr/lib/python3.14/site-packages/requests/api.py", line 87, in get
    return request("get", url, params=params, **kwargs)
  File "/usr/lib/python3.14/site-packages/requests/api.py", line 71, in request
    return session.request(method=method, url=url, **kwargs)
           ~~~~~~~~~~~~~~~^^^^^^^^^^^^^^^^^^^^^^^^^^^^^^^^^^
  File "/usr/lib/python3.14/site-packages/requests/sessions.py", line 651, in request
    resp = self.send(prep, **send_kwargs)
  File "/usr/lib/python3.14/site-packages/requests/sessions.py", line 784, in send
    r = adapter.send(request, **kwargs)
  File "/usr/lib/python3.14/site-packages/requests/adapters.py", line 729, in send
    raise ConnectionError(e, request=request)
requests.exceptions.ConnectionError: HTTPSConnectionPool(host='luciferdonghua.in', port=443): Max retries exceeded with url: /anime/swallowed-star-season-4-new/ (Caused by NameResolutionError("HTTPSConnection(host='luciferdonghua.in', port=443): Failed to resolve 'luciferdonghua.in' ([Errno -3] Temporary failure in name resolution)"))
2026-07-28 19:11:24,025 - scraper.luciferdonghua - WARNING - No episode links found for swallowed star
2026-07-28 19:11:24,025 - __main__ - WARNING - No episodes found for swallowed star
2026-07-28 19:11:24,025 - __main__ - INFO - Processing Tomb of Fallen Gods
2026-07-28 19:11:24,031 - scraper.luciferdonghua - ERROR - Failed to scrape episode links from https://luciferdonghua.in/anime/tomb-of-fallen-gods-season-3-2025/: HTTPSConnectionPool(host='luciferdonghua.in', port=443): Max retries exceeded with url: /anime/tomb-of-fallen-gods-season-3-2025/ (Caused by NameResolutionError("HTTPSConnection(host='luciferdonghua.in', port=443): Failed to resolve 'luciferdonghua.in' ([Errno -3] Temporary failure in name resolution)"))
Traceback (most recent call last):
  File "/usr/lib/python3.14/site-packages/urllib3/connection.py", line 204, in _new_conn
    sock = connection.create_connection(
        (self._dns_host, self.port),
    ...<2 lines>...
        socket_options=self.socket_options,
    )
  File "/usr/lib/python3.14/site-packages/urllib3/util/connection.py", line 60, in create_connection
    for res in socket.getaddrinfo(host, port, family, socket.SOCK_STREAM):
               ~~~~~~~~~~~~~~~~~~^^^^^^^^^^^^^^^^^^^^^^^^^^^^^^^^^^^^^^^^
  File "/usr/lib/python3.14/socket.py", line 987, in getaddrinfo
    for res in _socket.getaddrinfo(host, port, family, type, proto, flags):
               ~~~~~~~~~~~~~~~~~~~^^^^^^^^^^^^^^^^^^^^^^^^^^^^^^^^^^^^^^^^
socket.gaierror: [Errno -3] Temporary failure in name resolution

The above exception was the direct cause of the following exception:

Traceback (most recent call last):
  File "/usr/lib/python3.14/site-packages/urllib3/connectionpool.py", line 788, in urlopen
    response = self._make_request(
        conn,
    ...<10 lines>...
        **response_kw,
    )
  File "/usr/lib/python3.14/site-packages/urllib3/connectionpool.py", line 488, in _make_request
    raise new_e
  File "/usr/lib/python3.14/site-packages/urllib3/connectionpool.py", line 464, in _make_request
    self._validate_conn(conn)
    ~~~~~~~~~~~~~~~~~~~^^^^^^
  File "/usr/lib/python3.14/site-packages/urllib3/connectionpool.py", line 1106, in _validate_conn
    conn.connect()
    ~~~~~~~~~~~~^^
  File "/usr/lib/python3.14/site-packages/urllib3/connection.py", line 759, in connect
    self.sock = sock = self._new_conn()
                       ~~~~~~~~~~~~~~^^
  File "/usr/lib/python3.14/site-packages/urllib3/connection.py", line 211, in _new_conn
    raise NameResolutionError(self.host, self, e) from e
urllib3.exceptions.NameResolutionError: HTTPSConnection(host='luciferdonghua.in', port=443): Failed to resolve 'luciferdonghua.in' ([Errno -3] Temporary failure in name resolution)

The above exception was the direct cause of the following exception:

Traceback (most recent call last):
  File "/usr/lib/python3.14/site-packages/requests/adapters.py", line 696, in send
    resp = conn.urlopen(
        method=request.method,
    ...<9 lines>...
        chunked=chunked,
    )
  File "/usr/lib/python3.14/site-packages/urllib3/connectionpool.py", line 842, in urlopen
    retries = retries.increment(
        method, url, error=new_e, _pool=self, _stacktrace=sys.exc_info()[2]
    )
  File "/usr/lib/python3.14/site-packages/urllib3/util/retry.py", line 543, in increment
    raise MaxRetryError(_pool, url, reason) from reason  # type: ignore[arg-type]
    ^^^^^^^^^^^^^^^^^^^^^^^^^^^^^^^^^^^^^^^^^^^^^^^^^^^
urllib3.exceptions.MaxRetryError: HTTPSConnectionPool(host='luciferdonghua.in', port=443): Max retries exceeded with url: /anime/tomb-of-fallen-gods-season-3-2025/ (Caused by NameResolutionError("HTTPSConnection(host='luciferdonghua.in', port=443): Failed to resolve 'luciferdonghua.in' ([Errno -3] Temporary failure in name resolution)"))

During handling of the above exception, another exception occurred:

Traceback (most recent call last):
  File "/home/zain/Scripts/anime-downloader/scraper/luciferdonghua.py", line 128, in _scrape_episode_links
    resp = requests.get(page_url, headers=HEADERS, timeout=TIMEOUT)
  File "/usr/lib/python3.14/site-packages/requests/api.py", line 87, in get
    return request("get", url, params=params, **kwargs)
  File "/usr/lib/python3.14/site-packages/requests/api.py", line 71, in request
    return session.request(method=method, url=url, **kwargs)
           ~~~~~~~~~~~~~~~^^^^^^^^^^^^^^^^^^^^^^^^^^^^^^^^^^
  File "/usr/lib/python3.14/site-packages/requests/sessions.py", line 651, in request
    resp = self.send(prep, **send_kwargs)
  File "/usr/lib/python3.14/site-packages/requests/sessions.py", line 784, in send
    r = adapter.send(request, **kwargs)
  File "/usr/lib/python3.14/site-packages/requests/adapters.py", line 729, in send
    raise ConnectionError(e, request=request)
requests.exceptions.ConnectionError: HTTPSConnectionPool(host='luciferdonghua.in', port=443): Max retries exceeded with url: /anime/tomb-of-fallen-gods-season-3-2025/ (Caused by NameResolutionError("HTTPSConnection(host='luciferdonghua.in', port=443): Failed to resolve 'luciferdonghua.in' ([Errno -3] Temporary failure in name resolution)"))
2026-07-28 19:11:24,049 - scraper.luciferdonghua - WARNING - No episode links found for Tomb of Fallen Gods
2026-07-28 19:11:24,050 - __main__ - WARNING - No episodes found for Tomb of Fallen Gods
2026-07-28 19:11:24,050 - __main__ - INFO - Processing Beyond the Timescape
2026-07-28 19:11:24,054 - scraper.luciferdonghua - ERROR - Failed to scrape episode links from https://luciferdonghua.in/anime/beyond-the-timescape-2025/: HTTPSConnectionPool(host='luciferdonghua.in', port=443): Max retries exceeded with url: /anime/beyond-the-timescape-2025/ (Caused by NameResolutionError("HTTPSConnection(host='luciferdonghua.in', port=443): Failed to resolve 'luciferdonghua.in' ([Errno -3] Temporary failure in name resolution)"))
Traceback (most recent call last):
  File "/usr/lib/python3.14/site-packages/urllib3/connection.py", line 204, in _new_conn
    sock = connection.create_connection(
        (self._dns_host, self.port),
    ...<2 lines>...
        socket_options=self.socket_options,
    )
  File "/usr/lib/python3.14/site-packages/urllib3/util/connection.py", line 60, in create_connection
    for res in socket.getaddrinfo(host, port, family, socket.SOCK_STREAM):
               ~~~~~~~~~~~~~~~~~~^^^^^^^^^^^^^^^^^^^^^^^^^^^^^^^^^^^^^^^^
  File "/usr/lib/python3.14/socket.py", line 987, in getaddrinfo
    for res in _socket.getaddrinfo(host, port, family, type, proto, flags):
               ~~~~~~~~~~~~~~~~~~~^^^^^^^^^^^^^^^^^^^^^^^^^^^^^^^^^^^^^^^^
socket.gaierror: [Errno -3] Temporary failure in name resolution

The above exception was the direct cause of the following exception:

Traceback (most recent call last):
  File "/usr/lib/python3.14/site-packages/urllib3/connectionpool.py", line 788, in urlopen
    response = self._make_request(
        conn,
    ...<10 lines>...
        **response_kw,
    )
  File "/usr/lib/python3.14/site-packages/urllib3/connectionpool.py", line 488, in _make_request
    raise new_e
  File "/usr/lib/python3.14/site-packages/urllib3/connectionpool.py", line 464, in _make_request
    self._validate_conn(conn)
    ~~~~~~~~~~~~~~~~~~~^^^^^^
  File "/usr/lib/python3.14/site-packages/urllib3/connectionpool.py", line 1106, in _validate_conn
    conn.connect()
    ~~~~~~~~~~~~^^
  File "/usr/lib/python3.14/site-packages/urllib3/connection.py", line 759, in connect
    self.sock = sock = self._new_conn()
                       ~~~~~~~~~~~~~~^^
  File "/usr/lib/python3.14/site-packages/urllib3/connection.py", line 211, in _new_conn
    raise NameResolutionError(self.host, self, e) from e
urllib3.exceptions.NameResolutionError: HTTPSConnection(host='luciferdonghua.in', port=443): Failed to resolve 'luciferdonghua.in' ([Errno -3] Temporary failure in name resolution)

The above exception was the direct cause of the following exception:

Traceback (most recent call last):
  File "/usr/lib/python3.14/site-packages/requests/adapters.py", line 696, in send
    resp = conn.urlopen(
        method=request.method,
    ...<9 lines>...
        chunked=chunked,
    )
  File "/usr/lib/python3.14/site-packages/urllib3/connectionpool.py", line 842, in urlopen
    retries = retries.increment(
        method, url, error=new_e, _pool=self, _stacktrace=sys.exc_info()[2]
    )
  File "/usr/lib/python3.14/site-packages/urllib3/util/retry.py", line 543, in increment
    raise MaxRetryError(_pool, url, reason) from reason  # type: ignore[arg-type]
    ^^^^^^^^^^^^^^^^^^^^^^^^^^^^^^^^^^^^^^^^^^^^^^^^^^^
urllib3.exceptions.MaxRetryError: HTTPSConnectionPool(host='luciferdonghua.in', port=443): Max retries exceeded with url: /anime/beyond-the-timescape-2025/ (Caused by NameResolutionError("HTTPSConnection(host='luciferdonghua.in', port=443): Failed to resolve 'luciferdonghua.in' ([Errno -3] Temporary failure in name resolution)"))

During handling of the above exception, another exception occurred:

Traceback (most recent call last):
  File "/home/zain/Scripts/anime-downloader/scraper/luciferdonghua.py", line 128, in _scrape_episode_links
    resp = requests.get(page_url, headers=HEADERS, timeout=TIMEOUT)
  File "/usr/lib/python3.14/site-packages/requests/api.py", line 87, in get
    return request("get", url, params=params, **kwargs)
  File "/usr/lib/python3.14/site-packages/requests/api.py", line 71, in request
    return session.request(method=method, url=url, **kwargs)
           ~~~~~~~~~~~~~~~^^^^^^^^^^^^^^^^^^^^^^^^^^^^^^^^^^
  File "/usr/lib/python3.14/site-packages/requests/sessions.py", line 651, in request
    resp = self.send(prep, **send_kwargs)
  File "/usr/lib/python3.14/site-packages/requests/sessions.py", line 784, in send
    r = adapter.send(request, **kwargs)
  File "/usr/lib/python3.14/site-packages/requests/adapters.py", line 729, in send
    raise ConnectionError(e, request=request)
requests.exceptions.ConnectionError: HTTPSConnectionPool(host='luciferdonghua.in', port=443): Max retries exceeded with url: /anime/beyond-the-timescape-2025/ (Caused by NameResolutionError("HTTPSConnection(host='luciferdonghua.in', port=443): Failed to resolve 'luciferdonghua.in' ([Errno -3] Temporary failure in name resolution)"))
2026-07-28 19:11:24,069 - scraper.luciferdonghua - WARNING - No episode links found for Beyond the Timescape
2026-07-28 19:11:24,070 - __main__ - WARNING - No episodes found for Beyond the Timescape
2026-07-28 19:11:24,070 - __main__ - INFO - Processing sword and fairy 3
2026-07-28 19:11:24,079 - scraper.luciferdonghua - WARNING - Could not find main page for sword and fairy 3
2026-07-28 19:11:24,080 - __main__ - WARNING - No episodes found for sword and fairy 3
2026-07-28 19:11:24,080 - __main__ - INFO - Processing The Supreme Body Refining Master
2026-07-28 19:11:24,091 - scraper.luciferdonghua - WARNING - Could not find main page for The Supreme Body Refining Master
2026-07-28 19:11:24,091 - __main__ - WARNING - No episodes found for The Supreme Body Refining Master
2026-07-28 19:11:24,092 - __main__ - INFO - Processing sword of coming(jian lai)
2026-07-28 19:11:24,103 - scraper.luciferdonghua - WARNING - Could not find main page for sword of coming(jian lai)
2026-07-28 19:11:24,103 - __main__ - WARNING - No episodes found for sword of coming(jian lai)
2026-07-28 19:11:24,104 - __main__ - INFO - Processing keyboard immortal
2026-07-28 19:11:24,111 - scraper.luciferdonghua - WARNING - Could not find main page for keyboard immortal
2026-07-28 19:11:24,111 - __main__ - WARNING - No episodes found for keyboard immortal
2026-07-28 19:11:24,111 - __main__ - INFO - Processing The Divine Emperor of Destiny
2026-07-28 19:11:24,126 - scraper.luciferdonghua - WARNING - Could not find main page for The Divine Emperor of Destiny
2026-07-28 19:11:24,126 - __main__ - WARNING - No episodes found for The Divine Emperor of Destiny
2026-07-28 19:11:24,126 - __main__ - INFO - Processing Twin Martial Spirits
2026-07-28 19:11:24,139 - scraper.luciferdonghua - WARNING - Could not find main page for Twin Martial Spirits
2026-07-28 19:11:24,140 - __main__ - WARNING - No episodes found for Twin Martial Spirits
2026-07-28 19:11:24,140 - __main__ - INFO - Processing Endless Heaven Realm
2026-07-28 19:11:24,150 - scraper.luciferdonghua - WARNING - Could not find main page for Endless Heaven Realm
2026-07-28 19:11:24,150 - __main__ - WARNING - No episodes found for Endless Heaven Realm
2026-07-28 19:11:24,150 - __main__ - INFO - Skipping completed: lord of all realms
2026-07-28 19:11:24,151 - __main__ - INFO - Skipping completed: classroom of the elite
2026-07-28 19:11:24,151 - __main__ - INFO - Skipping completed: against the gods
2026-07-28 19:11:24,151 - __main__ - INFO - Skipping completed: appotheosis
2026-07-28 19:11:24,151 - __main__ - INFO - Skipping completed: stellar transformation
2026-07-28 19:11:24,152 - __main__ - INFO - Skipping completed: Return of the Divine Emperor
2026-07-28 19:11:24,152 - __main__ - INFO - Skipping completed: The strongest upgrade
2026-07-28 19:11:24,152 - __main__ - INFO - Skipping completed: The Demon Hunter
2026-07-28 19:11:24,152 - __main__ - INFO - Skipping completed: Above the Kingdom of God
2026-07-28 19:11:24,153 - __main__ - INFO - Skipping completed: Jade Dynasty
2026-07-28 19:11:24,153 - __main__ - INFO - Skipping completed: Divine Lord Of Heavens
2026-07-28 19:11:24,153 - __main__ - INFO - Skipping completed: Dragon Raja
2026-07-28 19:11:24,153 - __main__ - INFO - Skipping completed: Martial Universe
2026-07-28 19:11:24,154 - __main__ - INFO - Skipping completed: Legend of the Misty Sword Immortal
2026-07-28 19:11:24,154 - __main__ - INFO - Skipping completed: Supreme Over the Sky
2026-07-28 19:11:24,154 - __main__ - INFO - Skipping completed: Peerless Divine Emperor
2026-07-28 19:11:24,154 - __main__ - INFO - Skipping completed: World Defying Dan God
2026-07-28 19:11:24,155 - __main__ - INFO - Skipping completed: The Daily Life of Immortal King
2026-07-28 19:11:24,155 - __main__ - INFO - Skipping completed: Nine Suns Martial God
2026-07-28 19:11:24,155 - __main__ - INFO - Skipping completed: Throne of seal
2026-07-28 19:11:24,155 - __main__ - INFO - Skipping completed: The Gate of Mystical Realm
2026-07-28 19:11:24,156 - __main__ - INFO - Skipping completed: Immortality
2026-07-28 19:11:24,156 - __main__ - INFO - Anime Downloader finished.
2026-07-28 19:18:53,808 - __main__ - INFO - Starting Anime Downloader
2026-07-28 19:18:53,811 - __main__ - INFO - Processing stellar transformation
2026-07-28 19:18:55,302 - scraper.luciferdonghua - INFO - Latest episode for stellar transformation: 11
2026-07-28 19:18:55,302 - __main__ - INFO - Missing episodes for stellar transformation: [8, 9, 10, 11]
2026-07-28 19:18:56,747 - downloader - INFO - Downloading with yt-dlp: https://luciferdonghua.in/anime/stellar-transformation-season-7/episode-8/
2026-07-28 19:19:01,075 - downloader - WARNING - yt-dlp attempt 1 failed: Command '['yt-dlp', 'https://luciferdonghua.in/anime/stellar-transformation-season-7/episode-8/', '-o', '/home/zain/Videos/Anime/anime-dl/stellar transformation/season 7/Episode 8', '--no-playlist', '--output', '%(title)s.%(ext)s']' returned non-zero exit status 1.
2026-07-28 19:19:03,076 - downloader - INFO - Downloading with yt-dlp: https://luciferdonghua.in/anime/stellar-transformation-season-7/episode-8/
2026-07-28 19:19:06,613 - downloader - WARNING - yt-dlp attempt 2 failed: Command '['yt-dlp', 'https://luciferdonghua.in/anime/stellar-transformation-season-7/episode-8/', '-o', '/home/zain/Videos/Anime/anime-dl/stellar transformation/season 7/Episode 8', '--no-playlist', '--output', '%(title)s.%(ext)s']' returned non-zero exit status 1.
2026-07-28 19:19:08,613 - downloader - INFO - Downloading with yt-dlp: https://luciferdonghua.in/anime/stellar-transformation-season-7/episode-8/
2026-07-28 19:19:14,320 - downloader - WARNING - yt-dlp attempt 3 failed: Command '['yt-dlp', 'https://luciferdonghua.in/anime/stellar-transformation-season-7/episode-8/', '-o', '/home/zain/Videos/Anime/anime-dl/stellar transformation/season 7/Episode 8', '--no-playlist', '--output', '%(title)s.%(ext)s']' returned non-zero exit status 1.
2026-07-28 19:19:14,320 - downloader - ERROR - All yt-dlp attempts failed for https://luciferdonghua.in/anime/stellar-transformation-season-7/episode-8/
2026-07-28 19:19:14,320 - __main__ - ERROR - Failed to download stellar transformation ep 8
2026-07-28 19:19:15,685 - downloader - INFO - Downloading with yt-dlp: https://luciferdonghua.in/stellar-transformation-season-7-episode-09-and-10-lucifer-donghua/
2026-07-28 19:32:13,761 - __main__ - INFO - Processing 1 anime(s)
2026-07-28 19:32:13,762 - __main__ - INFO - Processing btth
2026-07-28 19:32:16,521 - scraper.luciferdonghua - WARNING - Could not find main page for btth
2026-07-28 19:32:16,525 - __main__ - WARNING - No episodes found for btth
2026-07-28 19:32:16,526 - __main__ - INFO - Anime Downloader finished.
2026-07-28 19:32:26,925 - __main__ - INFO - Processing 1 anime(s)
2026-07-28 19:32:26,926 - __main__ - INFO - Processing perfect world
2026-07-28 19:32:28,583 - scraper.luciferdonghua - INFO - Latest episode for perfect world: 280
2026-07-28 19:32:28,583 - __main__ - INFO - Missing episodes for perfect world: [278, 279, 280]
2026-07-28 19:32:30,039 - downloader - INFO - Downloading with yt-dlp: https://luciferdonghua.in/perfect-world-wanmei-shijie-episode-278-lucifer-donghua/
2026-07-28 19:45:25,728 - downloader - ERROR - No file found for Episode 278.* after download
2026-07-28 19:45:25,729 - __main__ - ERROR - Failed to download perfect world ep 278
2026-07-28 19:45:28,328 - downloader - INFO - Downloading with yt-dlp: https://luciferdonghua.in/perfect-world-wanmei-shijie-episode-279-lucifer-donghua/
2026-07-28 19:57:15,032 - downloader - ERROR - No file found for Episode 279.* after download
2026-07-28 19:57:15,033 - __main__ - ERROR - Failed to download perfect world ep 279
2026-07-28 19:57:16,503 - downloader - INFO - Downloading with yt-dlp: https://luciferdonghua.in/perfect-world-wanmei-shijie-episode-280-lucifer-donghua/
2026-07-28 19:57:46,312 - downloader - ERROR - No file found for Episode 280.* after download
2026-07-28 19:57:46,312 - __main__ - ERROR - Failed to download perfect world ep 280
2026-07-28 19:57:46,313 - __main__ - INFO - Anime Downloader finished.
2026-07-31 16:47:03,280 - __main__ - INFO - Processing 1 anime(s)
2026-07-31 16:47:03,285 - __main__ - INFO - Processing renegade immortal
2026-07-31 16:47:05,598 - scraper.luciferdonghua - INFO - Latest episode for renegade immortal: 151
2026-07-31 16:47:05,598 - __main__ - INFO - Missing episodes for renegade immortal: [151]
2026-07-31 16:47:07,246 - downloader - INFO - Downloading with yt-dlp: https://luciferdonghua.in/renegade-immortal-xian-ni-episode-151-lucifer-donghua/
2026-07-31 16:52:12,611 - __main__ - INFO - Processing 1 anime(s)
2026-07-31 16:52:12,611 - __main__ - INFO - Processing renegade immortal
2026-07-31 16:52:14,886 - scraper.luciferdonghua - INFO - Latest episode for renegade immortal: 151
2026-07-31 16:52:14,887 - __main__ - INFO - Missing episodes for renegade immortal: [151]
2026-07-31 16:52:16,270 - downloader - INFO - Downloading with yt-dlp: https://luciferdonghua.in/renegade-immortal-xian-ni-episode-151-lucifer-donghua/
2026-07-31 17:09:16,703 - downloader - ERROR - No file found for Episode 151.* after download
2026-07-31 17:09:16,703 - __main__ - ERROR - Failed to download renegade immortal ep 151
2026-07-31 17:09:16,704 - __main__ - INFO - Anime Downloader finished.
2026-08-03 19:51:02,638 - __main__ - INFO - Processing 1 anime(s)
2026-08-03 19:51:02,642 - __main__ - INFO - Processing renegade immortal
2026-08-03 19:51:06,585 - scraper.luciferdonghua - INFO - Latest episode for renegade immortal: 152
2026-08-03 19:51:06,585 - __main__ - INFO - Missing episodes for renegade immortal: [151, 152]
2026-08-03 19:51:08,313 - downloader - INFO - Downloading with yt-dlp: https://luciferdonghua.in/renegade-immortal-xian-ni-episode-151-lucifer-donghua/
2026-08-03 20:12:32,933 - scraper.luciferdonghua - INFO - Latest episode for stellar transformation: 11
2026-08-03 20:13:34,825 - scraper.luciferdonghua - INFO - Latest episode for renegade immortal: 152
2026-08-03 20:18:03,746 - scraper.luciferdonghua - INFO - Latest episode for renegade immortal: 152
2026-08-03 20:18:07,920 - __main__ - INFO - 🔍 Processing stellar transformation
2026-08-03 20:18:09,379 - scraper.luciferdonghua - INFO - Latest episode for stellar transformation: 11
2026-08-03 20:18:09,380 - __main__ - INFO - 📦 Missing episodes: [8, 9, 10, 11]
2026-08-03 20:18:09,382 - __main__ - INFO - ⬇️ Downloading episode 8
2026-08-03 20:18:10,951 - downloader - INFO - Downloading with yt-dlp: https://luciferdonghua.in/anime/stellar-transformation-season-7/episode-8/
2026-08-03 20:18:14,944 - downloader - WARNING - yt-dlp attempt 1 failed: Command '['yt-dlp', 'https://luciferdonghua.in/anime/stellar-transformation-season-7/episode-8/', '-o', '/home/zain/Videos/Anime/anime-dl/stellar transformation/season 7/Episode 8', '--no-playlist', '--no-warnings', '--output', '%(title)s.%(ext)s']' returned non-zero exit status 1.
2026-08-03 20:18:16,945 - downloader - INFO - Downloading with yt-dlp: https://luciferdonghua.in/anime/stellar-transformation-season-7/episode-8/
2026-08-03 20:18:23,033 - downloader - WARNING - yt-dlp attempt 2 failed: Command '['yt-dlp', 'https://luciferdonghua.in/anime/stellar-transformation-season-7/episode-8/', '-o', '/home/zain/Videos/Anime/anime-dl/stellar transformation/season 7/Episode 8', '--no-playlist', '--no-warnings', '--output', '%(title)s.%(ext)s']' returned non-zero exit status 1.
2026-08-03 20:18:25,034 - downloader - INFO - Downloading with yt-dlp: https://luciferdonghua.in/anime/stellar-transformation-season-7/episode-8/
2026-08-03 20:18:31,009 - downloader - WARNING - yt-dlp attempt 3 failed: Command '['yt-dlp', 'https://luciferdonghua.in/anime/stellar-transformation-season-7/episode-8/', '-o', '/home/zain/Videos/Anime/anime-dl/stellar transformation/season 7/Episode 8', '--no-playlist', '--no-warnings', '--output', '%(title)s.%(ext)s']' returned non-zero exit status 1.
2026-08-03 20:18:31,009 - downloader - ERROR - All yt-dlp attempts failed for https://luciferdonghua.in/anime/stellar-transformation-season-7/episode-8/
2026-08-03 20:18:31,010 - __main__ - ERROR - ❌ Failed to download stellar transformation ep 8
2026-08-03 20:18:31,011 - __main__ - ERROR - ❌ Episode 8 failed
2026-08-03 20:18:31,011 - __main__ - INFO - ⬇️ Downloading episode 9
2026-08-03 20:18:32,434 - downloader - INFO - Downloading with yt-dlp: https://luciferdonghua.in/stellar-transformation-season-7-episode-09-and-10-lucifer-donghua/
2026-08-03 20:21:41,767 - __main__ - INFO - 🔍 Processing renegade immortal
2026-08-03 20:21:43,673 - scraper.luciferdonghua - INFO - Latest episode for renegade immortal: 152
2026-08-03 20:21:43,674 - __main__ - INFO - 📦 Missing episodes: [151, 152]
2026-08-03 20:21:43,674 - __main__ - INFO - ⬇️ Downloading episode 151
2026-08-03 20:21:45,095 - downloader - INFO - Downloading with yt-dlp: https://luciferdonghua.in/renegade-immortal-xian-ni-episode-151-lucifer-donghua/
2026-08-03 20:36:37,988 - downloader - INFO - Downloaded to /home/zain/Videos/Anime/anime-dl/renegade immortal/season 1/Episode 151.mp4
2026-08-03 20:36:37,988 - updater - INFO - 🔄 Updating renegade immortal from episode 150 to 151
2026-08-03 20:36:37,990 - updater - INFO - ✅ Watchlist saved successfully for renegade immortal
2026-08-03 20:36:37,991 - __main__ - INFO - ✅ Successfully updated renegade immortal to episode 151
2026-08-03 20:36:37,991 - __main__ - INFO - ✅ Episode 151 done
2026-08-03 20:36:37,992 - __main__ - INFO - ⬇️ Downloading episode 152
2026-08-03 20:36:39,821 - downloader - INFO - Downloading with yt-dlp: https://luciferdonghua.in/renegade-immortal-xian-ni-episode-152-lucifer-donghua/
2026-08-03 20:51:20,018 - downloader - INFO - Downloaded to /home/zain/Videos/Anime/anime-dl/renegade immortal/season 1/Episode 152.mp4
2026-08-03 20:51:20,019 - updater - INFO - 🔄 Updating renegade immortal from episode 151 to 152
2026-08-03 20:51:20,024 - updater - INFO - ✅ Watchlist saved successfully for renegade immortal
2026-08-03 20:51:20,028 - __main__ - INFO - ✅ Successfully updated renegade immortal to episode 152
2026-08-03 20:51:20,028 - __main__ - INFO - ✅ Episode 152 done
2026-08-03 21:00:21,313 - __main__ - INFO - 🔍 Processing btth
2026-08-03 21:00:24,751 - scraper.luciferdonghua - WARNING - Could not find main page for btth
2026-08-03 21:00:24,755 - __main__ - WARNING - ⚠️ No episodes found for btth
2026-08-03 21:01:18,561 - __main__ - INFO - 🔍 Processing Tomb of Fallen Gods
2026-08-03 21:01:21,216 - scraper.luciferdonghua - INFO - Latest episode for Tomb of Fallen Gods: 52
2026-08-03 21:01:21,216 - __main__ - INFO - 📦 Missing episodes: [51, 52]
2026-08-03 21:01:21,216 - __main__ - INFO - ⬇️ Downloading episode 51
2026-08-03 21:01:22,642 - downloader - INFO - Downloading with yt-dlp: https://luciferdonghua.in/tomb-of-fallen-gods-season-3-episode-51-lucifer-donghua/
2026-08-03 21:01:29,929 - downloader - WARNING - yt-dlp attempt 1 failed: Command '['yt-dlp', 'https://luciferdonghua.in/tomb-of-fallen-gods-season-3-episode-51-lucifer-donghua/', '-o', '/home/zain/Videos/Anime/anime-dl/Tomb of Fallen Gods/season 3/Episode 51', '--no-playlist', '--no-warnings', '--output', '%(title)s.%(ext)s']' returned non-zero exit status 1.
2026-08-03 21:01:31,930 - downloader - INFO - Downloading with yt-dlp: https://luciferdonghua.in/tomb-of-fallen-gods-season-3-episode-51-lucifer-donghua/
2026-08-03 21:01:39,988 - downloader - WARNING - yt-dlp attempt 2 failed: Command '['yt-dlp', 'https://luciferdonghua.in/tomb-of-fallen-gods-season-3-episode-51-lucifer-donghua/', '-o', '/home/zain/Videos/Anime/anime-dl/Tomb of Fallen Gods/season 3/Episode 51', '--no-playlist', '--no-warnings', '--output', '%(title)s.%(ext)s']' returned non-zero exit status 1.
2026-08-03 21:01:41,989 - downloader - INFO - Downloading with yt-dlp: https://luciferdonghua.in/tomb-of-fallen-gods-season-3-episode-51-lucifer-donghua/
2026-08-03 21:01:49,490 - downloader - WARNING - yt-dlp attempt 3 failed: Command '['yt-dlp', 'https://luciferdonghua.in/tomb-of-fallen-gods-season-3-episode-51-lucifer-donghua/', '-o', '/home/zain/Videos/Anime/anime-dl/Tomb of Fallen Gods/season 3/Episode 51', '--no-playlist', '--no-warnings', '--output', '%(title)s.%(ext)s']' returned non-zero exit status 1.
2026-08-03 21:01:49,491 - downloader - ERROR - All yt-dlp attempts failed for https://luciferdonghua.in/tomb-of-fallen-gods-season-3-episode-51-lucifer-donghua/
2026-08-03 21:01:49,492 - __main__ - ERROR - ❌ Failed to download Tomb of Fallen Gods ep 51
2026-08-03 21:01:49,493 - __main__ - ERROR - ❌ Episode 51 failed
2026-08-03 21:01:49,494 - __main__ - INFO - ⬇️ Downloading episode 52
2026-08-03 21:01:50,931 - downloader - INFO - Downloading with yt-dlp: https://luciferdonghua.in/tomb-of-fallen-gods-season-3-episode-52-lucifer-donghua/
2026-08-03 21:14:12,561 - downloader - INFO - Downloaded to /home/zain/Videos/Anime/anime-dl/Tomb of Fallen Gods/season 3/Episode 52.mp4
2026-08-03 21:14:12,562 - updater - INFO - 🔄 Updating Tomb of Fallen Gods from episode 50 to 52
2026-08-03 21:14:12,563 - updater - INFO - ✅ Watchlist saved successfully for Tomb of Fallen Gods
2026-08-03 21:14:12,566 - __main__ - INFO - ✅ Successfully updated Tomb of Fallen Gods to episode 52
2026-08-03 21:14:12,566 - __main__ - INFO - ✅ Episode 52 done
2026-08-03 21:14:12,567 - __main__ - INFO - 🔍 Processing Beyond the Timescape
2026-08-03 21:14:14,379 - scraper.luciferdonghua - INFO - Latest episode for Beyond the Timescape: 34
2026-08-03 21:14:14,380 - __main__ - INFO - 📦 Missing episodes: [32, 33, 34]
2026-08-03 21:14:14,380 - __main__ - INFO - ⬇️ Downloading episode 32
2026-08-03 21:14:15,815 - downloader - INFO - Downloading with yt-dlp: https://luciferdonghua.in/beyond-the-timescape-episode-32-lucifer-donghua/
2026-08-03 21:31:09,507 - downloader - INFO - Downloaded to /home/zain/Videos/Anime/anime-dl/Beyond the Timescape/season 1/Episode 32.mp4
2026-08-03 21:31:09,507 - updater - INFO - 🔄 Updating Beyond the Timescape from episode 31 to 32
2026-08-03 21:31:09,508 - updater - INFO - ✅ Watchlist saved successfully for Beyond the Timescape
2026-08-03 21:31:09,509 - __main__ - INFO - ✅ Successfully updated Beyond the Timescape to episode 32
2026-08-03 21:31:09,509 - __main__ - INFO - ✅ Episode 32 done
2026-08-03 21:31:09,510 - __main__ - INFO - ⬇️ Downloading episode 33
2026-08-03 21:31:10,980 - downloader - INFO - Downloading with yt-dlp: https://luciferdonghua.in/beyond-the-timescape-episode-33-lucifer-donghua/
2026-08-03 21:49:22,192 - downloader - INFO - Downloaded to /home/zain/Videos/Anime/anime-dl/Beyond the Timescape/season 1/Episode 33.mp4
2026-08-03 21:49:22,193 - updater - INFO - 🔄 Updating Beyond the Timescape from episode 32 to 33
2026-08-03 21:49:22,196 - updater - INFO - ✅ Watchlist saved successfully for Beyond the Timescape
2026-08-03 21:49:22,197 - __main__ - INFO - ✅ Successfully updated Beyond the Timescape to episode 33
2026-08-03 21:49:22,198 - __main__ - INFO - ✅ Episode 33 done
2026-08-03 21:49:22,198 - __main__ - INFO - ⬇️ Downloading episode 34
2026-08-03 21:49:23,762 - downloader - INFO - Downloading with yt-dlp: https://luciferdonghua.in/beyond-the-timescape-episode-34-lucifer-donghua/
2026-08-03 21:49:32,292 - downloader - WARNING - yt-dlp attempt 1 failed: Command '['yt-dlp', 'https://luciferdonghua.in/beyond-the-timescape-episode-34-lucifer-donghua/', '-o', '/home/zain/Videos/Anime/anime-dl/Beyond the Timescape/season 1/Episode 34', '--no-playlist', '--no-warnings', '--output', '%(title)s.%(ext)s']' returned non-zero exit status 1.
2026-08-03 21:49:34,294 - downloader - INFO - Downloading with yt-dlp: https://luciferdonghua.in/beyond-the-timescape-episode-34-lucifer-donghua/
2026-08-03 21:49:41,434 - downloader - WARNING - yt-dlp attempt 2 failed: Command '['yt-dlp', 'https://luciferdonghua.in/beyond-the-timescape-episode-34-lucifer-donghua/', '-o', '/home/zain/Videos/Anime/anime-dl/Beyond the Timescape/season 1/Episode 34', '--no-playlist', '--no-warnings', '--output', '%(title)s.%(ext)s']' returned non-zero exit status 1.
2026-08-03 21:49:43,435 - downloader - INFO - Downloading with yt-dlp: https://luciferdonghua.in/beyond-the-timescape-episode-34-lucifer-donghua/
2026-08-03 21:49:52,584 - downloader - WARNING - yt-dlp attempt 3 failed: Command '['yt-dlp', 'https://luciferdonghua.in/beyond-the-timescape-episode-34-lucifer-donghua/', '-o', '/home/zain/Videos/Anime/anime-dl/Beyond the Timescape/season 1/Episode 34', '--no-playlist', '--no-warnings', '--output', '%(title)s.%(ext)s']' returned non-zero exit status 1.
2026-08-03 21:49:52,584 - downloader - ERROR - All yt-dlp attempts failed for https://luciferdonghua.in/beyond-the-timescape-episode-34-lucifer-donghua/
2026-08-03 21:49:52,585 - __main__ - ERROR - ❌ Failed to download Beyond the Timescape ep 34
2026-08-03 21:49:52,585 - __main__ - ERROR - ❌ Episode 34 failed
2026-08-03 22:11:44,470 - downloader - INFO - Downloading with yt-dlp: https://luciferdonghua.in/anime/stellar-transformation-season-7/episode-8/
2026-08-03 22:11:48,646 - downloader - WARNING - yt-dlp attempt 1 failed: Command '['yt-dlp', 'https://luciferdonghua.in/anime/stellar-transformation-season-7/episode-8/', '-o', '/home/zain/Videos/Anime/anime-dl/stellar transformation/season 7/Episode 8', '--no-playlist', '--no-warnings', '--output', '%(title)s.%(ext)s']' returned non-zero exit status 1.
2026-08-06 15:23:50,736 - scraper.luciferdonghua - INFO - Latest episode for stellar transformation: 11
2026-08-06 15:33:01,271 - __main__ - INFO - 🔍 Processing renegade immortal
2026-08-06 15:33:04,010 - scraper.luciferdonghua - INFO - Latest episode for renegade immortal: 152
2026-08-06 15:33:04,011 - __main__ - INFO - ✅ No new episodes for renegade immortal
2026-08-06 15:35:51,267 - downloader - INFO - Downloading with yt-dlp: https://luciferdonghua.in/anime/stellar-transformation-season-7/episode-8/
2026-08-06 15:35:56,457 - downloader - WARNING - yt-dlp attempt 1 failed: Command '['yt-dlp', 'https://luciferdonghua.in/anime/stellar-transformation-season-7/episode-8/', '-o', '/home/zain/Videos/Anime/anime-dl/stellar transformation/season 7/Episode 8', '--no-playlist', '--no-warnings', '--output', '%(title)s.%(ext)s']' returned non-zero exit status 1.
2026-08-06 15:35:58,458 - downloader - INFO - Downloading with yt-dlp: https://luciferdonghua.in/anime/stellar-transformation-season-7/episode-8/
2026-08-06 15:36:04,174 - downloader - WARNING - yt-dlp attempt 2 failed: Command '['yt-dlp', 'https://luciferdonghua.in/anime/stellar-transformation-season-7/episode-8/', '-o', '/home/zain/Videos/Anime/anime-dl/stellar transformation/season 7/Episode 8', '--no-playlist', '--no-warnings', '--output', '%(title)s.%(ext)s']' returned non-zero exit status 1.
2026-08-06 15:36:06,175 - downloader - INFO - Downloading with yt-dlp: https://luciferdonghua.in/anime/stellar-transformation-season-7/episode-8/
2026-08-06 15:36:11,774 - downloader - WARNING - yt-dlp attempt 3 failed: Command '['yt-dlp', 'https://luciferdonghua.in/anime/stellar-transformation-season-7/episode-8/', '-o', '/home/zain/Videos/Anime/anime-dl/stellar transformation/season 7/Episode 8', '--no-playlist', '--no-warnings', '--output', '%(title)s.%(ext)s']' returned non-zero exit status 1.
2026-08-06 15:36:11,774 - downloader - ERROR - All yt-dlp attempts failed for https://luciferdonghua.in/anime/stellar-transformation-season-7/episode-8/
2026-08-06 15:36:11,775 - __main__ - ERROR - ❌ Failed to download stellar transformation ep 8
2026-08-06 15:36:13,487 - downloader - INFO - Downloading with yt-dlp: https://luciferdonghua.in/anime/tomb-of-fallen-gods-season-3-2025/episode-51/
2026-08-06 15:36:18,760 - downloader - WARNING - yt-dlp attempt 1 failed: Command '['yt-dlp', 'https://luciferdonghua.in/anime/tomb-of-fallen-gods-season-3-2025/episode-51/', '-o', '/home/zain/Videos/Anime/anime-dl/Tomb of Fallen Gods/season 3/Episode 51', '--no-playlist', '--no-warnings', '--output', '%(title)s.%(ext)s']' returned non-zero exit status 1.
2026-08-06 15:36:20,761 - downloader - INFO - Downloading with yt-dlp: https://luciferdonghua.in/anime/tomb-of-fallen-gods-season-3-2025/episode-51/
2026-08-06 15:36:25,042 - downloader - WARNING - yt-dlp attempt 2 failed: Command '['yt-dlp', 'https://luciferdonghua.in/anime/tomb-of-fallen-gods-season-3-2025/episode-51/', '-o', '/home/zain/Videos/Anime/anime-dl/Tomb of Fallen Gods/season 3/Episode 51', '--no-playlist', '--no-warnings', '--output', '%(title)s.%(ext)s']' returned non-zero exit status 1.
2026-08-06 15:36:27,043 - downloader - INFO - Downloading with yt-dlp: https://luciferdonghua.in/anime/tomb-of-fallen-gods-season-3-2025/episode-51/
2026-08-06 15:36:31,334 - downloader - WARNING - yt-dlp attempt 3 failed: Command '['yt-dlp', 'https://luciferdonghua.in/anime/tomb-of-fallen-gods-season-3-2025/episode-51/', '-o', '/home/zain/Videos/Anime/anime-dl/Tomb of Fallen Gods/season 3/Episode 51', '--no-playlist', '--no-warnings', '--output', '%(title)s.%(ext)s']' returned non-zero exit status 1.
2026-08-06 15:36:31,334 - downloader - ERROR - All yt-dlp attempts failed for https://luciferdonghua.in/anime/tomb-of-fallen-gods-season-3-2025/episode-51/
2026-08-06 15:36:31,335 - __main__ - ERROR - ❌ Failed to download Tomb of Fallen Gods ep 51
2026-08-06 15:36:32,788 - downloader - INFO - Downloading with yt-dlp: https://luciferdonghua.in/anime/beyond-the-timescape-2025/episode-34/
2026-08-06 15:36:37,080 - downloader - WARNING - yt-dlp attempt 1 failed: Command '['yt-dlp', 'https://luciferdonghua.in/anime/beyond-the-timescape-2025/episode-34/', '-o', '/home/zain/Videos/Anime/anime-dl/Beyond the Timescape/season 1/Episode 34', '--no-playlist', '--no-warnings', '--output', '%(title)s.%(ext)s']' returned non-zero exit status 1.
2026-08-06 15:36:39,081 - downloader - INFO - Downloading with yt-dlp: https://luciferdonghua.in/anime/beyond-the-timescape-2025/episode-34/
2026-08-06 15:36:43,542 - downloader - WARNING - yt-dlp attempt 2 failed: Command '['yt-dlp', 'https://luciferdonghua.in/anime/beyond-the-timescape-2025/episode-34/', '-o', '/home/zain/Videos/Anime/anime-dl/Beyond the Timescape/season 1/Episode 34', '--no-playlist', '--no-warnings', '--output', '%(title)s.%(ext)s']' returned non-zero exit status 1.
2026-08-06 15:36:45,543 - downloader - INFO - Downloading with yt-dlp: https://luciferdonghua.in/anime/beyond-the-timescape-2025/episode-34/
2026-08-06 15:36:49,831 - downloader - WARNING - yt-dlp attempt 3 failed: Command '['yt-dlp', 'https://luciferdonghua.in/anime/beyond-the-timescape-2025/episode-34/', '-o', '/home/zain/Videos/Anime/anime-dl/Beyond the Timescape/season 1/Episode 34', '--no-playlist', '--no-warnings', '--output', '%(title)s.%(ext)s']' returned non-zero exit status 1.
2026-08-06 15:36:49,832 - downloader - ERROR - All yt-dlp attempts failed for https://luciferdonghua.in/anime/beyond-the-timescape-2025/episode-34/
2026-08-06 15:36:49,833 - __main__ - ERROR - ❌ Failed to download Beyond the Timescape ep 34
2026-08-06 15:37:01,640 - scraper.luciferdonghua - INFO - Latest episode for stellar transformation: 11
2026-08-06 15:37:03,444 - scraper.luciferdonghua - INFO - Latest episode for The Great Ruler: 33
2026-08-06 15:37:06,467 - scraper.luciferdonghua - WARNING - Could not find main page for appotheosis
2026-08-06 15:37:08,781 - scraper.luciferdonghua - INFO - Latest episode for Shrouding The Heavens: 175
2026-08-06 15:37:11,950 - scraper.luciferdonghua - WARNING - Could not find main page for btth
2026-08-06 15:37:14,295 - scraper.luciferdonghua - INFO - Latest episode for perfect world: 281
2026-08-06 15:37:15,637 - scraper.luciferdonghua - INFO - Latest episode for renegade immortal: 152
2026-08-06 15:37:17,790 - scraper.luciferdonghua - INFO - Latest episode for soul land 2: 165
2026-08-06 15:37:20,013 - scraper.luciferdonghua - INFO - Latest episode for swallowed star: 151
2026-08-06 15:37:21,932 - scraper.luciferdonghua - INFO - Latest episode for Tomb of Fallen Gods: 52
2026-08-06 15:37:23,601 - scraper.luciferdonghua - INFO - Latest episode for Beyond the Timescape: 34
2026-08-06 15:37:25,616 - scraper.luciferdonghua - WARNING - Could not find main page for sword and fairy 3
2026-08-06 15:37:27,766 - scraper.luciferdonghua - WARNING - Could not find main page for The Supreme Body Refining Master
2026-08-06 15:37:30,018 - scraper.luciferdonghua - WARNING - Could not find main page for sword of coming(jian lai)
2026-08-06 15:37:32,271 - scraper.luciferdonghua - WARNING - Could not find main page for keyboard immortal
2026-08-06 15:37:35,390 - scraper.luciferdonghua - WARNING - Could not find main page for The Divine Emperor of Destiny
2026-08-06 15:37:37,594 - scraper.luciferdonghua - WARNING - Could not find main page for Twin Martial Spirits
2026-08-06 15:37:39,848 - scraper.luciferdonghua - WARNING - Could not find main page for Endless Heaven Realm
2026-08-06 15:38:46,215 - downloader - INFO - Downloading with yt-dlp: https://luciferdonghua.in/anime/stellar-transformation-season-7/episode-8/
2026-08-06 15:38:50,499 - downloader - WARNING - yt-dlp attempt 1 failed: Command '['yt-dlp', 'https://luciferdonghua.in/anime/stellar-transformation-season-7/episode-8/', '-o', '/home/zain/Videos/Anime/anime-dl/stellar transformation/season 7/Episode 8', '--no-playlist', '--no-warnings', '--output', '%(title)s.%(ext)s']' returned non-zero exit status 1.
2026-08-06 15:38:52,499 - downloader - INFO - Downloading with yt-dlp: https://luciferdonghua.in/anime/stellar-transformation-season-7/episode-8/
2026-08-06 15:39:03,536 - __main__ - INFO - 🔍 Processing Shrouding The Heavens
2026-08-06 15:39:05,013 - scraper.luciferdonghua - INFO - Latest episode for Shrouding The Heavens: 175
2026-08-06 15:39:05,014 - __main__ - INFO - 📦 Missing episodes: [173, 174, 175]
2026-08-06 15:39:05,014 - __main__ - INFO - ⬇️ Downloading episode 173
2026-08-06 15:39:06,558 - downloader - INFO - Downloading with yt-dlp: https://luciferdonghua.in/shrouding-the-heavens-episode-173-lucifer-donghua/
2026-08-06 15:52:42,069 - downloader - INFO - Downloaded to /home/zain/Videos/Anime/anime-dl/Shrouding The Heavens/season 1/Episode 173.mp4
2026-08-06 15:52:42,070 - updater - INFO - 🔄 Updating Shrouding The Heavens from episode 172 to 173
2026-08-06 15:52:42,071 - updater - INFO - ✅ Watchlist saved successfully for Shrouding The Heavens
2026-08-06 15:52:42,072 - __main__ - INFO - ✅ Successfully updated Shrouding The Heavens to episode 173
2026-08-06 15:52:42,073 - __main__ - INFO - ✅ Episode 173 done
2026-08-06 15:52:42,073 - __main__ - INFO - ⬇️ Downloading episode 174
2026-08-06 15:52:44,487 - downloader - INFO - Downloading with yt-dlp: https://luciferdonghua.in/shrouding-the-heavens-episode-174-lucifer-donghua/
2026-08-06 16:08:57,809 - downloader - INFO - Downloaded to /home/zain/Videos/Anime/anime-dl/Shrouding The Heavens/season 1/Episode 174.mp4
2026-08-06 16:08:57,810 - updater - INFO - 🔄 Updating Shrouding The Heavens from episode 173 to 174
2026-08-06 16:08:57,811 - updater - INFO - ✅ Watchlist saved successfully for Shrouding The Heavens
2026-08-06 16:08:57,812 - __main__ - INFO - ✅ Successfully updated Shrouding The Heavens to episode 174
2026-08-06 16:08:57,813 - __main__ - INFO - ✅ Episode 174 done
2026-08-06 16:08:57,813 - __main__ - INFO - ⬇️ Downloading episode 175
2026-08-06 16:08:59,515 - downloader - INFO - Downloading with yt-dlp: https://luciferdonghua.in/shrouding-the-heavens-episode-175-lucifer-donghua/
2026-08-06 16:09:33,144 - downloader - INFO - Downloaded to /home/zain/Videos/Anime/anime-dl/Shrouding The Heavens/season 1/Episode 175.mp4
2026-08-06 16:09:33,145 - updater - INFO - 🔄 Updating Shrouding The Heavens from episode 174 to 175
2026-08-06 16:09:33,146 - updater - INFO - ✅ Watchlist saved successfully for Shrouding The Heavens
2026-08-06 16:09:33,148 - __main__ - INFO - ✅ Successfully updated Shrouding The Heavens to episode 175
2026-08-06 16:09:33,148 - __main__ - INFO - ✅ Episode 175 done
2026-08-06 18:08:04,279 - scraper.luciferdonghua - INFO - Latest episode for stellar transformation: 11
